Pizza Hut Mosilor,https://tazz.ro/bucuresti/locatie/pizza-hut-mosilor/2999/,11:00-21:30
Mondo MeatBalls - Lumea Chiftelutelor,https://tazz.ro/bucuresti/locatie/mondo-meatballs-lumea-chiftelutelor/3048/,10:00-20:00
Pizza Hut Delta,https://tazz.ro/bucuresti/locatie/pizza-hut-delta/3000/,11:00-21:30
Decathlon Baneasa,https://tazz.ro/bucuresti/locatie/decathlon-baneasa/1729/,09:30-21:30
Fior di latte,https://tazz.ro/bucuresti/locatie/fior-di-latte/1971/,08:00-22:00
City Grill Primaverii,https://tazz.ro/bucuresti/locatie/city-grill-primaverii/1195/,10:00-20:30
Pizza Hut Romana,https://tazz.ro/bucuresti/locatie/pizza-hut-romana/3001/,11:00-21:30
Sara Green Victoriei,https://tazz.ro/bucuresti/locatie/sara-green-victoriei/2176/,10:30-20:30
Taverna Sarbului,https://tazz.ro/bucuresti/locatie/taverna-sarbului/2121/,10:00-22:00
Taco Bell Mega Mall,https://tazz.ro/bucuresti/locatie/taco-bell-mega-mall/1785/,11:00-21:00
Pep&Pepper Park Lake,https://tazz.ro/bucuresti/locatie/pep-pepper-park-lake/2671/,10:00-21:00
Taco Bell Park Lake,https://tazz.ro/bucuresti/locatie/taco-bell-park-lake/1786/,11:00-21:00
King Rolls,https://tazz.ro/bucuresti/locatie/king-rolls/2124/,11:00-22:00
Taco Bell Cotroceni,https://tazz.ro/bucuresti/locatie/taco-bell-cotroceni/1784/,11:00-21:00
Mega Image Bucuresti,https://tazz.ro/bucuresti/locatie/mega-image-bucuresti/1497/,08:00-21:00
Paul Universitate,https://tazz.ro/bucuresti/locatie/paul-universitate/2098/,10:00-18:30
Alouette Bistro,https://tazz.ro/bucuresti/locatie/alouette-bistro/3027/,11:00-20:45
Paul Dorobanti,https://tazz.ro/bucuresti/locatie/paul-dorobanti/1935/,10:00-19:30
McDonald`s Prisma,https://tazz.ro/bucuresti/locatie/mcdonald-s-prisma/1882/,10:00-21:30
Paul ParkLake,https://tazz.ro/bucuresti/locatie/paul-parklake/2101/,10:00-19:00
Paul Cotroceni,https://tazz.ro/bucuresti/locatie/paul-cotroceni/2105/,10:00-19:30
Paul Mega Mall,https://tazz.ro/bucuresti/locatie/paul-mega-mall/2100/,10:00-21:00
Paul Promenada,https://tazz.ro/bucuresti/locatie/paul-promenada/2099/,10:00-21:00
Yummy by Kiddo Baneasa,https://tazz.ro/bucuresti/locatie/yummy-by-kiddo-baneasa/2337/,11:00-18:00
Paul Romana,https://tazz.ro/bucuresti/locatie/paul-romana/2102/,10:00-18:00
Pep&Pepper Baneasa,https://tazz.ro/bucuresti/locatie/pep-pepper-baneasa/2439/,10:00-21:30
McDonald`s Feeria,https://tazz.ro/bucuresti/locatie/mcdonald-s-feeria/1887/,10:00-19:30
McDonald`s Central,https://tazz.ro/bucuresti/locatie/mcdonald-s-central/1885/,10:00-21:30
Paul Baneasa,https://tazz.ro/bucuresti/locatie/paul-baneasa/2103/,10:00-19:30
McDonald`s Otopeni,https://tazz.ro/bucuresti/locatie/mcdonald-s-otopeni/1881/,10:00-21:30
Stradale,https://tazz.ro/bucuresti/locatie/stradale/3350/,11:00-17:00
McDonaldâ€™s Unirea,https://tazz.ro/bucuresti/locatie/mcdonald-s-unirea/1880/,10:00-21:30
McDonaldâ€™s Gara de Nord,https://tazz.ro/bucuresti/locatie/mcdonald-s-gara-de-nord/1545/,10:00-21:30
McDonald`s Pipera DT,https://tazz.ro/bucuresti/locatie/mcdonald-s-pipera-dt/1886/,10:00-21:30
McDonald`s Colentina,https://tazz.ro/bucuresti/locatie/mcdonald-s-colentina/1883/,10:00-21:30
Flori de Lux,https://tazz.ro/bucuresti/locatie/flori-de-lux/1909/,09:00-20:00
Fibrio,https://tazz.ro/bucuresti/locatie/fibrio/2083/,09:00-16:00
Divan,https://tazz.ro/bucuresti/locatie/divan/3119/,11:00-22:00
Bere ArtizanalÄƒ ZÄƒganu,https://tazz.ro/bucuresti/locatie/bere-artizanala-zaganu/1721/,09:00-16:30
Dristor Kebap Delivery - Sudului,https://tazz.ro/bucuresti/locatie/dristor-kebap-delivery-sudului/1764/,10:00-22:00
Fabio pizza-Drumul taberei,https://tazz.ro/bucuresti/locatie/fabio-pizza-drumul-taberei/2222/,10:00-21:00
eSun Parfumerie,https://tazz.ro/bucuresti/locatie/esun-parfumerie/1821/,10:00-16:30
Atelierul de tarte,https://tazz.ro/bucuresti/locatie/atelierul-de-tarte/2104/,10:00-21:30
Fabio pizza-Traian,https://tazz.ro/bucuresti/locatie/fabio-pizza-traian/2227/,11:00-21:00
GNC Live Well,https://tazz.ro/bucuresti/locatie/gnc-live-well/1700/,10:00-20:00
Crama de Vinuri Vrancene,https://tazz.ro/bucuresti/locatie/crama-de-vinuri-vrancene/1893/,10:00-21:00
Black El Zorab,https://tazz.ro/bucuresti/locatie/black-el-zorab/2322/,11:00-21:00
PlescavitaVan Militari,https://tazz.ro/bucuresti/locatie/plescavitavan-militari/2125/,10:00-20:30
Due Food,https://tazz.ro/bucuresti/locatie/due-food/2984/,10:00-21:00
Noodle Pack Afi Cotroceni,https://tazz.ro/bucuresti/locatie/noodle-pack-afi-cotroceni/3261/,10:00-21:45
All.Farm Market,https://tazz.ro/bucuresti/locatie/all-farm-market/2384/,08:30-17:00
Karta,https://tazz.ro/bucuresti/locatie/karta/3173/,11:00-22:00
Eat Etc Hermes,https://tazz.ro/bucuresti/locatie/eat-etc-hermes/2927/,10:30-16:00
Sara Green 13 Septembrie,https://tazz.ro/bucuresti/locatie/sara-green-13-septembrie/2779/,11:00-18:30
Dristor Kebap Delivery - Franceza,https://tazz.ro/bucuresti/locatie/dristor-kebap-delivery-franceza/1759/,10:00-22:00
Fabio pizza- Delfinului,https://tazz.ro/bucuresti/locatie/fabio-pizza-delfinului/2231/,11:00-21:00
Nicolai,https://tazz.ro/bucuresti/locatie/nicolai/1972/,10:00-21:00
Il Calcio by Mr.Val Pescariu,https://tazz.ro/bucuresti/locatie/il-calcio-by-mr-val-pescariu/3032/,11:00-22:00
Oro Toro AFI Cotroceni,https://tazz.ro/bucuresti/locatie/oro-toro-afi-cotroceni/1019/,10:30-21:00
Noodle Pack Drumul Taberelor,https://tazz.ro/bucuresti/locatie/noodle-pack-drumul-taberelor/3262/,10:00-19:45
Japanos Carnivale,https://tazz.ro/bucuresti/locatie/japanos-carnivale/1042/,11:00-22:00
Il Calcio by Mr. Val Romancierilor,https://tazz.ro/bucuresti/locatie/il-calcio-by-mr-val-romancierilor/3031/,11:00-22:00
Noodle Pack Baneasa,https://tazz.ro/bucuresti/locatie/noodle-pack-baneasa/2946/,10:00-21:30
Oro Toro Park Lake,https://tazz.ro/bucuresti/locatie/oro-toro-park-lake/1022/,10:30-21:00
Taco Bell Baneasa,https://tazz.ro/bucuresti/locatie/taco-bell-baneasa/1787/,11:00-20:00
Fabio pizza- Covasna,https://tazz.ro/bucuresti/locatie/fabio-pizza-covasna/2232/,10:00-21:00
My Meal,https://tazz.ro/bucuresti/locatie/my-meal/2983/,10:00-21:30
EVO Food,https://tazz.ro/bucuresti/locatie/evo-food/2234/,08:00-18:00
Sara Green Aviatiei,https://tazz.ro/bucuresti/locatie/sara-green-aviatiei/2432/,10:00-20:00
Il Calcio by Mr. Val Herastrau,https://tazz.ro/bucuresti/locatie/il-calcio-by-mr-val-herastrau/3030/,11:00-22:00
Fabio pizza- Opanez,https://tazz.ro/bucuresti/locatie/fabio-pizza-opanez/2230/,11:00-21:00
Fabio pizza-Vladoianu,https://tazz.ro/bucuresti/locatie/fabio-pizza-vladoianu/2213/,11:00-21:00
Fratellini,https://tazz.ro/bucuresti/locatie/fratellini/1737/,10:00-21:30
Gargantua Kiseleff,https://tazz.ro/bucuresti/locatie/gargantua-kiseleff/2264/,10:00-22:00
Divan Express,https://tazz.ro/bucuresti/locatie/divan-express/2240/,Deschide maine la 11:00
Kung Fu King Auchan Titan,https://tazz.ro/bucuresti/locatie/kung-fu-king-auchan-titan/3134/,11:00-20:30
The Journey-Pub,https://tazz.ro/bucuresti/locatie/the-journey-pub/2306/,10:00-22:00
Antoine,https://tazz.ro/bucuresti/locatie/antoine/3169/,11:00-20:00
Il Calcio by Mr. Val Clucerului,https://tazz.ro/bucuresti/locatie/il-calcio-by-mr-val-clucerului/2955/,11:00-22:00
Kung Fu King Titulescu,https://tazz.ro/bucuresti/locatie/kung-fu-king-titulescu/2266/,11:00-20:30
Pizzicato Icoanei,https://tazz.ro/bucuresti/locatie/pizzicato-icoanei/2810/,10:00-22:00
PlescavitaVan,https://tazz.ro/bucuresti/locatie/plescavitavan/2123/,10:00-21:30
Pizzicato Dorobanti,https://tazz.ro/bucuresti/locatie/pizzicato-dorobanti/2551/,10:00-22:00
Pizzicato Victoriei,https://tazz.ro/bucuresti/locatie/pizzicato-victoriei/2200/,10:00-22:00
Dristor Kebap Delivery - Colentina,https://tazz.ro/bucuresti/locatie/dristor-kebap-delivery-colentina/1763/,10:00-22:00
TAQUERIA,https://tazz.ro/bucuresti/locatie/taqueria/1145/,10:00-00:00
Chopstix Ready to Box Unirii,https://tazz.ro/bucuresti/locatie/chopstix-ready-to-box-unirii/1877/,11:00-20:00
Eat Etc Conect,https://tazz.ro/bucuresti/locatie/eat-etc-conect/3226/,10:30-16:00
La Bariera,https://tazz.ro/bucuresti/locatie/la-bariera/3072/,11:00-21:00
YoYo Burger,https://tazz.ro/bucuresti/locatie/yoyo-burger/2182/,10:30-22:00
Camizo,https://tazz.ro/bucuresti/locatie/camizo/1900/,10:30-21:30
Cofetaria Altfel,https://tazz.ro/bucuresti/locatie/cofetaria-altfel/1705/,10:00-16:00
Ciorbe si Placinte Lanariei,https://tazz.ro/bucuresti/locatie/ciorbe-si-placinte-lanariei/2090/,10:00-19:45
Giradiko,https://tazz.ro/bucuresti/locatie/giradiko/952/,11:00-22:00
Trattoria Verdi Victoriei,https://tazz.ro/bucuresti/locatie/trattoria-verdi-victoriei/921/,10:30-22:00
Sensiblu Racari 5,https://tazz.ro/bucuresti/locatie/sensiblu-racari-5/1663/,09:00-20:30
FULL KEBAB Berceni,https://tazz.ro/bucuresti/locatie/full-kebab-berceni/2675/,11:00-21:00
Sushi Home,https://tazz.ro/bucuresti/locatie/sushi-home/2928/,10:00-22:00
Provence Berceni,https://tazz.ro/bucuresti/locatie/provence-berceni/3277/,10:00-22:00
"Sensiblu Victoriei 155, bl. D1",https://tazz.ro/bucuresti/locatie/sensiblu-victoriei-155-bl-d1/1652/,09:00-20:30
Restaurant Dada,https://tazz.ro/bucuresti/locatie/restaurant-dada/1904/,10:00-21:45
Sensiblu Sebastian 88,https://tazz.ro/bucuresti/locatie/sensiblu-sebastian-88/1676/,09:00-20:30
Burgr Factory Iuliu Maniu,https://tazz.ro/bucuresti/locatie/burgr-factory-iuliu-maniu/3268/,10:00-22:00
South Burger Berceni,https://tazz.ro/bucuresti/locatie/south-burger-berceni/1000/,11:00-22:00
"Sensiblu Mihalache 106, Bl 84",https://tazz.ro/bucuresti/locatie/sensiblu-mihalache-106-bl-84/1650/,09:00-20:30
Sensiblu Maniu 140,https://tazz.ro/bucuresti/locatie/sensiblu-maniu-140/1686/,09:00-20:30
Sensiblu Unirii 1,https://tazz.ro/bucuresti/locatie/sensiblu-unirii-1/1665/,09:00-20:30
Fabrica de cafea,https://tazz.ro/bucuresti/locatie/fabrica-de-cafea/985/,Deschide maine la 09:00
Sensiblu Spl. Independentei 210B,https://tazz.ro/bucuresti/locatie/sensiblu-spl-independentei-210b/1678/,09:00-20:30
"Sensiblu Mosilor 286,bl 30A",https://tazz.ro/bucuresti/locatie/sensiblu-mosilor-286-bl-30a/1660/,09:00-19:30
Souk,https://tazz.ro/bucuresti/locatie/souk/2706/,10:00-22:00
Bucatarasul cel Dibaci,https://tazz.ro/bucuresti/locatie/bucatarasul-cel-dibaci/2883/,10:00-18:00
Trenta pizza Ghencea,https://tazz.ro/bucuresti/locatie/trenta-pizza-ghencea/2711/,11:00-22:45
Decathlon Berceni,https://tazz.ro/bucuresti/locatie/decathlon-berceni/3101/,09:30-21:30
Toan`s Baneasa,https://tazz.ro/bucuresti/locatie/toan-s-baneasa/2914/,10:00-22:00
Decathlon Obor,https://tazz.ro/bucuresti/locatie/decathlon-obor/3116/,10:00-21:30
Gyros Thessalonikis Titeica,https://tazz.ro/bucuresti/locatie/gyros-thessalonikis-titeica/2427/,10:00-22:00
La Finca By Alioli,https://tazz.ro/bucuresti/locatie/la-finca-by-alioli/1173/,11:00-21:30
Chiftelarie Dorobantilor,https://tazz.ro/bucuresti/locatie/chiftelarie-dorobantilor/3043/,11:00-21:00
Sensiblu Piata Amzei 10-22,https://tazz.ro/bucuresti/locatie/sensiblu-piata-amzei-10-22/1656/,09:00-19:30
33 Pizza,https://tazz.ro/bucuresti/locatie/33-pizza/1052/,11:00-21:45
Trattoria Verdi Unirii,https://tazz.ro/bucuresti/locatie/trattoria-verdi-unirii/920/,10:30-22:00
Trattoria Garibaldi,https://tazz.ro/bucuresti/locatie/trattoria-garibaldi/3164/,10:00-21:45
Opa!-Opa! Greek Food,https://tazz.ro/bucuresti/locatie/opa-opa-greek-food/3009/,10:30-17:30
Poli Apaca Bussiness center,https://tazz.ro/bucuresti/locatie/poli-apaca-bussiness-center/2189/,11:00-18:00
Burger Show Pipera,https://tazz.ro/bucuresti/locatie/burger-show-pipera/3375/,11:00-21:30
Stick it Chinese Chef,https://tazz.ro/bucuresti/locatie/stick-it-chinese-chef/3379/,10:30-15:45
La Rulota-Burgarie si altele Oituz,https://tazz.ro/bucuresti/locatie/la-rulota-burgarie-si-altele-oituz/2996/,11:00-21:00
Toan`s Veranda,https://tazz.ro/bucuresti/locatie/toan-s-veranda/2727/,10:00-22:00
Sensiblu Floreasca 246 B,https://tazz.ro/bucuresti/locatie/sensiblu-floreasca-246-b/1658/,10:00-19:30
Poli Auchan Drumul Taberelor,https://tazz.ro/bucuresti/locatie/poli-auchan-drumul-taberelor/3358/,10:00-22:00
Sensiblu Dealul Bisericii 67,https://tazz.ro/bucuresti/locatie/sensiblu-dealul-bisericii-67/1670/,09:00-20:30
Caru` cu Bere Delivery,https://tazz.ro/bucuresti/locatie/caru-cu-bere-delivery/3384/,11:00-22:00
Flondor Pizza,https://tazz.ro/bucuresti/locatie/flondor-pizza/3370/,10:30-22:00
Chopstix Promenada,https://tazz.ro/bucuresti/locatie/chopstix-promenada/3057/,11:00-20:00
Chopstix Ready to Box AFI Cotroceni,https://tazz.ro/bucuresti/locatie/chopstix-ready-to-box-afi-cotroceni/2236/,11:00-20:00
Taverna Covaci,https://tazz.ro/bucuresti/locatie/taverna-covaci/3200/,11:00-22:00
Sole D`Italia,https://tazz.ro/bucuresti/locatie/sole-d-italia/3250/,11:00-22:00
Birria,https://tazz.ro/bucuresti/locatie/birria/1163/,11:00-21:00
Fire Woks,https://tazz.ro/bucuresti/locatie/fire-woks/781/,10:00-22:00
Ciorbe si Placinte,https://tazz.ro/bucuresti/locatie/ciorbe-si-placinte/2787/,11:00-22:00
Soup Up! Park Lake,https://tazz.ro/bucuresti/locatie/soup-up-park-lake/2130/,11:00-19:15
Hello Donuts & 5 to Go Coffee Park Lake,https://tazz.ro/bucuresti/locatie/hello-donuts-5-to-go-coffee-park-lake/942/,10:30-21:00
Ciorbe si Placinte Mosilor,https://tazz.ro/bucuresti/locatie/ciorbe-si-placinte-mosilor/2091/,10:00-19:45
Trattoria Monza,https://tazz.ro/bucuresti/locatie/trattoria-monza/2422/,10:00-22:00
Burgatoriu,https://tazz.ro/bucuresti/locatie/burgatoriu/2826/,10:00-19:00
Gyros Thessalonikis Maniu,https://tazz.ro/bucuresti/locatie/gyros-thessalonikis-maniu/2458/,10:00-22:00
South Burger Unirii,https://tazz.ro/bucuresti/locatie/south-burger-unirii/999/,11:00-22:00
Porto Gallo Dorobanti,https://tazz.ro/bucuresti/locatie/porto-gallo-dorobanti/2736/,10:30-20:00
Papa de la È˜oni,https://tazz.ro/bucuresti/locatie/papa-de-la-soni/2782/,10:00-17:30
Springtime Floreasca,https://tazz.ro/bucuresti/locatie/springtime-floreasca/2293/,10:00-21:00
Porto Gallo Veranda,https://tazz.ro/bucuresti/locatie/porto-gallo-veranda/3248/,11:00-21:00
Chiftelarie Drumul Taberei,https://tazz.ro/bucuresti/locatie/chiftelarie-drumul-taberei/2511/,11:00-21:00
Springtime Gara de Nord,https://tazz.ro/bucuresti/locatie/springtime-gara-de-nord/3160/,10:00-21:30
Jad Sticks Delivery,https://tazz.ro/bucuresti/locatie/jad-sticks-delivery/792/,00:00-03:3011:00-00:00
Salad revolution,https://tazz.ro/bucuresti/locatie/salad-revolution/2115/,10:00-16:30
Pita Van,https://tazz.ro/bucuresti/locatie/pita-van/874/,11:00-22:00
Toan`s BNR,https://tazz.ro/bucuresti/locatie/toan-s-bnr/3412/,10:00-22:00
Hello Donuts,https://tazz.ro/bucuresti/locatie/hello-donuts/941/,10:30-21:00
Premium Angus Shop,https://tazz.ro/bucuresti/locatie/premium-angus-shop/1470/,00:00-00:00
La Mosu,https://tazz.ro/bucuresti/locatie/la-mosu/3259/,11:00-22:00
IndiVan Tineretului,https://tazz.ro/bucuresti/locatie/indivan-tineretului/1962/,11:00-20:00
No Name,https://tazz.ro/bucuresti/locatie/no-name/997/,10:00-21:30
Trenta Pizza Tineretului,https://tazz.ro/bucuresti/locatie/trenta-pizza-tineretului/2698/,11:00-22:45
Fomila,https://tazz.ro/bucuresti/locatie/fomila/3356/,10:00-22:00
Gyros Mania,https://tazz.ro/bucuresti/locatie/gyros-mania/3311/,10:00-19:30
Design Floral,https://tazz.ro/bucuresti/locatie/design-floral/3046/,08:15-20:15
The Soup Carousel,https://tazz.ro/bucuresti/locatie/the-soup-carousel/3405/,10:00-21:00
Springtime Victoriei,https://tazz.ro/bucuresti/locatie/springtime-victoriei/2447/,10:00-21:30
Sahin Kebap,https://tazz.ro/bucuresti/locatie/sahin-kebap/3273/,10:00-19:00
Cofetaria Casandra,https://tazz.ro/bucuresti/locatie/cofetaria-casandra/2543/,09:00-21:00
Chopstix Ready to Box Park Lake,https://tazz.ro/bucuresti/locatie/chopstix-ready-to-box-park-lake/1819/,11:00-20:00
Petritis Gyros,https://tazz.ro/bucuresti/locatie/petritis-gyros/3132/,10:00-22:00
Decathlon Iuliu Maniu,https://tazz.ro/bucuresti/locatie/decathlon-iuliu-maniu/3117/,09:30-21:30
Porto Gallo Pipera,https://tazz.ro/bucuresti/locatie/porto-gallo-pipera/3075/,10:00-20:30
Cuibul Randunelelor,https://tazz.ro/bucuresti/locatie/cuibul-randunelelor/3278/,11:00-22:00
Trattoria Verdi Aviatorilor,https://tazz.ro/bucuresti/locatie/trattoria-verdi-aviatorilor/923/,10:30-22:00
Oala lui Vio,https://tazz.ro/bucuresti/locatie/oala-lui-vio/3314/,08:00-22:00
Colt de Rai,https://tazz.ro/bucuresti/locatie/colt-de-rai/3260/,11:00-22:00
Coffee Up,https://tazz.ro/bucuresti/locatie/coffee-up/877/,10:00-19:00
Cetatea din Alep,https://tazz.ro/bucuresti/locatie/cetatea-din-alep/3217/,10:30-21:30
Ciorbe si placinte Iancu de Hunedoara,https://tazz.ro/bucuresti/locatie/ciorbe-si-placinte-iancu-de-hunedoara/940/,10:00-19:45
Restaurant Mode,https://tazz.ro/bucuresti/locatie/restaurant-mode/1903/,10:00-22:00
Chocoloco,https://tazz.ro/bucuresti/locatie/chocoloco/2939/,11:00-22:00
Dristor Kebap Delivery - Sun Plaza,https://tazz.ro/bucuresti/locatie/dristor-kebap-delivery-sun-plaza/1758/,10:00-21:30
Chopstix Ready to Box Orhideea,https://tazz.ro/bucuresti/locatie/chopstix-ready-to-box-orhideea/1818/,11:00-20:00
Burgr factory Dacia,https://tazz.ro/bucuresti/locatie/burgr-factory-dacia/2120/,10:00-22:00
Primus,https://tazz.ro/bucuresti/locatie/primus/2350/,10:00-21:30
Chopstix Ready to Box Feeria,https://tazz.ro/bucuresti/locatie/chopstix-ready-to-box-feeria/1820/,11:00-20:00
Gyros Thessalonikis Chitilei,https://tazz.ro/bucuresti/locatie/gyros-thessalonikis-chitilei/2452/,10:00-22:00
Porto Gallo Victoriei,https://tazz.ro/bucuresti/locatie/porto-gallo-victoriei/3076/,10:30-20:30
La Ciorbe,https://tazz.ro/bucuresti/locatie/la-ciorbe/2770/,11:00-22:00
Arc Bakery,https://tazz.ro/bucuresti/locatie/arc-bakery/3321/,10:00-18:00
Bacania Companion,https://tazz.ro/bucuresti/locatie/bacania-companion/3138/,08:30-19:00
Becker Brau,https://tazz.ro/bucuresti/locatie/becker-brau/3409/,11:00-22:00
Beraria Centrala,https://tazz.ro/bucuresti/locatie/beraria-centrala/3197/,11:00-21:45
Beraria Park 2,https://tazz.ro/bucuresti/locatie/beraria-park-2/3244/,10:00-22:00
Bio Bio Gelato,https://tazz.ro/bucuresti/locatie/bio-bio-gelato/3403/,10:00-22:00
Bucataria lu` Peste,https://tazz.ro/bucuresti/locatie/bucataria-lu-peste/2195/,11:00-21:45
Burger Show Domenii,https://tazz.ro/bucuresti/locatie/burger-show-domenii/2672/,10:30-21:30
Burger UNO.,https://tazz.ro/bucuresti/locatie/burger-uno-/3340/,11:00-22:00
Ciccio Pizza,https://tazz.ro/bucuresti/locatie/ciccio-pizza/2977/,11:00-18:30
Conacul Nobil Decebal,https://tazz.ro/bucuresti/locatie/conacul-nobil-decebal/2252/,11:00-22:00
Conacul Nobil Pache,https://tazz.ro/bucuresti/locatie/conacul-nobil-pache/3305/,11:00-22:00
Decathlon Pallady,https://tazz.ro/bucuresti/locatie/decathlon-pallady/3112/,09:30-21:30
El Pato,https://tazz.ro/bucuresti/locatie/el-pato/3338/,10:30-22:00
Greg`s Pizza,https://tazz.ro/bucuresti/locatie/greg-s-pizza/2956/,10:00-22:00
Hanu` lui Manuc,https://tazz.ro/bucuresti/locatie/hanu-lui-manuc/3387/,10:00-22:00
La Casa Restaurant,https://tazz.ro/bucuresti/locatie/la-casa-restaurant/1198/,11:00-21:00
La o ciorba in Popa Tatu,https://tazz.ro/bucuresti/locatie/la-o-ciorba-in-popa-tatu/2979/,11:00-17:00
Lanach Flavours,https://tazz.ro/bucuresti/locatie/lanach-flavours/3033/,08:30-21:30
Lanach To Go Floreasca,https://tazz.ro/bucuresti/locatie/lanach-to-go-floreasca/2722/,10:00-17:00
Latin Pizza Centrul Vechi,https://tazz.ro/bucuresti/locatie/latin-pizza-centrul-vechi/2758/,09:30-22:00
Latin Pizza DorobanÈ›i,https://tazz.ro/bucuresti/locatie/latin-pizza-dorobanti/2731/,09:30-22:00
Leonidas,https://tazz.ro/bucuresti/locatie/leonidas/3237/,09:00-17:00
Manufaktura Baneasa,https://tazz.ro/bucuresti/locatie/manufaktura-baneasa/3394/,10:00-21:00
Manufaktura Mega Mall,https://tazz.ro/bucuresti/locatie/manufaktura-mega-mall/3390/,10:00-21:00
Manufaktura Promenada,https://tazz.ro/bucuresti/locatie/manufaktura-promenada/3389/,09:00-21:00
Manufaktura Victoriei,https://tazz.ro/bucuresti/locatie/manufaktura-victoriei/3391/,09:00-21:00
Mikflorar,https://tazz.ro/bucuresti/locatie/mikflorar/3247/,09:00-17:00
Noblesse,https://tazz.ro/bucuresti/locatie/noblesse/2975/,11:00-21:00
Pizza Volante,https://tazz.ro/bucuresti/locatie/pizza-volante/3396/,10:00-22:00
Poli gara de nord,https://tazz.ro/bucuresti/locatie/poli-gara-de-nord/2283/,11:00-20:00
Poli Iancului,https://tazz.ro/bucuresti/locatie/poli-iancului/2434/,10:00-20:00
Poli Piata Gorjului,https://tazz.ro/bucuresti/locatie/poli-piata-gorjului/2395/,10:00-21:00
Porkitos & More,https://tazz.ro/bucuresti/locatie/porkitos-more/3302/,11:00-22:00
Provence Iancului,https://tazz.ro/bucuresti/locatie/provence-iancului/2728/,10:30-22:00
Restaurant BBQ La Jar,https://tazz.ro/bucuresti/locatie/restaurant-bbq-la-jar/2433/,11:00-21:45
Retro Pub,https://tazz.ro/bucuresti/locatie/retro-pub/3386/,10:00-18:00
Retro Pub Rock`N Beer,https://tazz.ro/bucuresti/locatie/retro-pub-rock-n-beer/1172/,10:00-18:00
Rotiseria Halal,https://tazz.ro/bucuresti/locatie/rotiseria-halal/989/,10:00-22:00
"Sensiblu 1 Decembrie 33A, C32Bis",https://tazz.ro/bucuresti/locatie/sensiblu-1-decembrie-33a-c32bis/1668/,09:00-20:30
Sensiblu Alexandriei 152,https://tazz.ro/bucuresti/locatie/sensiblu-alexandriei-152/1674/,09:00-19:30
"Sensiblu Brancoveanu 114, bl M1",https://tazz.ro/bucuresti/locatie/sensiblu-brancoveanu-114-bl-m1/1671/,09:00-21:30
Sensiblu Brasov 25,https://tazz.ro/bucuresti/locatie/sensiblu-brasov-25/1683/,09:00-20:30
Sensiblu Buc-Ploiesti 44,https://tazz.ro/bucuresti/locatie/sensiblu-buc-ploiesti-44/1653/,09:00-21:30
Sensiblu Bucurestii Noi 50B,https://tazz.ro/bucuresti/locatie/sensiblu-bucurestii-noi-50b/1655/,09:00-20:30
Sensiblu Carrefour 1,https://tazz.ro/bucuresti/locatie/sensiblu-carrefour-1/1726/,09:00-21:30
Sensiblu Carrefour Corbeanca,https://tazz.ro/bucuresti/locatie/sensiblu-carrefour-corbeanca/1723/,09:00-21:30
Sensiblu Colentina 426-426A,https://tazz.ro/bucuresti/locatie/sensiblu-colentina-426-426a/1659/,09:00-20:30
"Sensiblu Constructorilor 16A,",https://tazz.ro/bucuresti/locatie/sensiblu-constructorilor-16a-/1680/,09:00-20:30
Sensiblu Ferentari 62,https://tazz.ro/bucuresti/locatie/sensiblu-ferentari-62/1675/,09:00-20:30
"Sensiblu Grigorescu 20, Bl CA14",https://tazz.ro/bucuresti/locatie/sensiblu-grigorescu-20-bl-ca14/1666/,09:00-21:30
Sensiblu Maniu 560 A,https://tazz.ro/bucuresti/locatie/sensiblu-maniu-560-a/1685/,09:00-21:30
Sensiblu Nicolae G.Caramfil 85A,https://tazz.ro/bucuresti/locatie/sensiblu-nicolae-g-caramfil-85a/1657/,09:00-19:30
Sensiblu Oltenitei 388,https://tazz.ro/bucuresti/locatie/sensiblu-oltenitei-388/1672/,09:00-20:30
Sensiblu Oltenitei 83,https://tazz.ro/bucuresti/locatie/sensiblu-oltenitei-83/1673/,09:00-20:30
Sensiblu Pallady 51,https://tazz.ro/bucuresti/locatie/sensiblu-pallady-51/1667/,09:00-20:30
Sensiblu Pierre Coubertin 3-5,https://tazz.ro/bucuresti/locatie/sensiblu-pierre-coubertin-3-5/1664/,09:00-19:30
"Sensiblu Radu Beller 6, bl 20B",https://tazz.ro/bucuresti/locatie/sensiblu-radu-beller-6-bl-20b/1654/,09:00-21:30
Sensiblu Sebastian 88 Vulcan,https://tazz.ro/bucuresti/locatie/sensiblu-sebastian-88-vulcan/1677/,09:00-20:30
Sensiblu Taberei 18,https://tazz.ro/bucuresti/locatie/sensiblu-taberei-18/1682/,09:00-21:30
"Sensiblu Taberei 82, Bl C16",https://tazz.ro/bucuresti/locatie/sensiblu-taberei-82-bl-c16/1681/,09:00-20:30
Sensiblu Timisoara 26,https://tazz.ro/bucuresti/locatie/sensiblu-timisoara-26/1687/,10:00-20:30
Sensiblu Valea Cascadelor 3,https://tazz.ro/bucuresti/locatie/sensiblu-valea-cascadelor-3/1684/,09:00-20:30
Sensiblu Vasile Milea4,https://tazz.ro/bucuresti/locatie/sensiblu-vasile-milea4/1679/,09:00-19:30
Sensiblu Vergului 20,https://tazz.ro/bucuresti/locatie/sensiblu-vergului-20/1661/,09:00-20:30
Sensiblu Vitan 55,https://tazz.ro/bucuresti/locatie/sensiblu-vitan-55/1669/,10:00-20:30
Shawarma Corner,https://tazz.ro/bucuresti/locatie/shawarma-corner/3335/,11:00-17:00
Soup Up! - Baneasa Shopping City,https://tazz.ro/bucuresti/locatie/soup-up-baneasa-shopping-city/2365/,11:00-19:15
Soup up! - Piata Amzei,https://tazz.ro/bucuresti/locatie/soup-up-piata-amzei/2409/,11:00-19:15
Texas BBQ,https://tazz.ro/bucuresti/locatie/texas-bbq/2362/,11:00-21:45
Toan`s Magheru,https://tazz.ro/bucuresti/locatie/toan-s-magheru/2703/,10:00-22:00
Toan`s Promenada,https://tazz.ro/bucuresti/locatie/toan-s-promenada/2915/,10:00-22:00
Trattoria Buongiorno Primaverii,https://tazz.ro/bucuresti/locatie/trattoria-buongiorno-primaverii/2238/,11:00-22:00
Trattoria Buongiorno Victoriei,https://tazz.ro/bucuresti/locatie/trattoria-buongiorno-victoriei/2141/,11:00-22:00
Trenta Pizza Aviatiei,https://tazz.ro/bucuresti/locatie/trenta-pizza-aviatiei/3315/,11:00-22:45
Trenta Pizza Berceni,https://tazz.ro/bucuresti/locatie/trenta-pizza-berceni/2780/,11:00-22:45
Trenta pizza Delea Noua,https://tazz.ro/bucuresti/locatie/trenta-pizza-delea-noua/2781/,11:00-22:45
Trenta Pizza Popesti-Leordeni,https://tazz.ro/bucuresti/locatie/trenta-pizza-popesti-leordeni/2926/,11:00-22:45
Trenta Pizza Titan,https://tazz.ro/bucuresti/locatie/trenta-pizza-titan/3316/,11:00-22:45
Trenta Pizza Uverturii,https://tazz.ro/bucuresti/locatie/trenta-pizza-uverturii/3317/,11:00-22:45
Ugatti,https://tazz.ro/bucuresti/locatie/ugatti/1536/,10:00-18:00
Zuma,https://tazz.ro/bucuresti/locatie/zuma/3281/,Deschide maine la 09:00
Coffee Shop & Burger,https://tazz.ro/bucuresti/locatie/coffee-shop-burger/2689/,08:00-22:00
Old Mike Pub,https://tazz.ro/bucuresti/locatie/old-mike-pub/859/,10:00-22:00
Gargantua Park,https://tazz.ro/bucuresti/locatie/gargantua-park/2816/,10:00-22:00
Pizza Bonita Militari,https://tazz.ro/bucuresti/locatie/pizza-bonita-militari/3218/,11:00-21:30
Zeama Buna,https://tazz.ro/bucuresti/locatie/zeama-buna/737/,11:00-18:00
Gargantua Dorobantilor,https://tazz.ro/bucuresti/locatie/gargantua-dorobantilor/2381/,10:00-22:00
Pizza Bonita Vulcan,https://tazz.ro/bucuresti/locatie/pizza-bonita-vulcan/3220/,10:00-22:00
eMAG Baneasa,https://tazz.ro/bucuresti/locatie/emag-baneasa/1457/,10:00-20:30
eMAG Titan,https://tazz.ro/bucuresti/locatie/emag-titan/1498/,09:00-20:30
eMAG Crangasi,https://tazz.ro/bucuresti/locatie/emag-crangasi/1499/,09:00-20:30
Rigatoni Pasta Bar ParkLake,https://tazz.ro/bucuresti/locatie/rigatoni-pasta-bar-parklake/3146/,10:00-21:00
Tasty Box,https://tazz.ro/bucuresti/locatie/tasty-box/655/,10:00-22:00
Dr.Max Brancoveanu 110 B,https://tazz.ro/bucuresti/locatie/dr-max-brancoveanu-110-b/1620/,09:00-21:30
Sushi Master Bucuresti,https://tazz.ro/bucuresti/locatie/sushi-master-bucuresti/810/,11:00-20:45
Casual Pub,https://tazz.ro/bucuresti/locatie/casual-pub/869/,11:00-21:30
dm drogerie markt Bucuresti,https://tazz.ro/bucuresti/locatie/dm-drogerie-markt-bucuresti/1806/,10:00-20:00
Dr.Max Piata Amzei 10-22,https://tazz.ro/bucuresti/locatie/dr-max-piata-amzei-10-22/1601/,09:00-19:30
Restaurant You & Me,https://tazz.ro/bucuresti/locatie/restaurant-you-me/834/,10:00-21:45
Dr.Max Mihai Bravu 107-119,https://tazz.ro/bucuresti/locatie/dr-max-mihai-bravu-107-119/1611/,09:00-20:30
D20,https://tazz.ro/bucuresti/locatie/d20/794/,11:00-22:00
Bella Napoli,https://tazz.ro/bucuresti/locatie/bella-napoli/755/,11:00-22:00
La Mavro Berceni,https://tazz.ro/bucuresti/locatie/la-mavro-berceni/711/,11:00-21:30
Pizza Bonita Colosseum,https://tazz.ro/bucuresti/locatie/pizza-bonita-colosseum/3225/,10:00-20:30
Rigatoni Pasta Bar AFI Cotroceni,https://tazz.ro/bucuresti/locatie/rigatoni-pasta-bar-afi-cotroceni/3145/,10:00-22:00
Xanadu,https://tazz.ro/bucuresti/locatie/xanadu/705/,11:00-21:45
SushiVo Feeria,https://tazz.ro/bucuresti/locatie/sushivo-feeria/3147/,10:00-22:00
Crosto Pizza,https://tazz.ro/bucuresti/locatie/crosto-pizza/719/,10:00-23:00
7food,https://tazz.ro/bucuresti/locatie/7food/681/,09:30-17:30
Rigatoni Pasta Bar Feeria,https://tazz.ro/bucuresti/locatie/rigatoni-pasta-bar-feeria/3141/,10:00-22:00
Nicole Catering,https://tazz.ro/bucuresti/locatie/nicole-catering/797/,10:00-21:00
Ruby Tuesday,https://tazz.ro/bucuresti/locatie/ruby-tuesday/840/,11:00-22:00
Taksim Sun Plaza,https://tazz.ro/bucuresti/locatie/taksim-sun-plaza/2491/,10:00-21:00
Taksim-Baneasa,https://tazz.ro/bucuresti/locatie/taksim-baneasa/2494/,10:00-21:15
Art Cakes,https://tazz.ro/bucuresti/locatie/art-cakes/2700/,08:00-21:30
"Dr.Max 1 Decembrie 53, Bl. P2",https://tazz.ro/bucuresti/locatie/dr-max-1-decembrie-53-bl-p2/1613/,09:00-20:30
Dr.Max Alexandriei 78 bl PC9,https://tazz.ro/bucuresti/locatie/dr-max-alexandriei-78-bl-pc9/1627/,09:00-20:30
"Dr.Max Calea Mosilor 217, 23",https://tazz.ro/bucuresti/locatie/dr-max-calea-mosilor-217-23/1608/,09:00-18:30
Dr.Max Calea Vacaresti 201,https://tazz.ro/bucuresti/locatie/dr-max-calea-vacaresti-201/1626/,09:00-21:00
Dr.Max Camil Ressu 41,https://tazz.ro/bucuresti/locatie/dr-max-camil-ressu-41/1619/,09:00-20:30
"Dr.Max Ceahlau 22, Bl 104",https://tazz.ro/bucuresti/locatie/dr-max-ceahlau-22-bl-104/1629/,09:00-19:30
Dr.Max Colentina 6,https://tazz.ro/bucuresti/locatie/dr-max-colentina-6/1605/,09:00-20:30
Dr.Max Colentina 76 bl 111,https://tazz.ro/bucuresti/locatie/dr-max-colentina-76-bl-111/1603/,09:00-19:30
"Dr.Max Doamna Ghica 8, Bl 2",https://tazz.ro/bucuresti/locatie/dr-max-doamna-ghica-8-bl-2/1604/,09:00-19:30
Dr.Max Drumul Taberei 24,https://tazz.ro/bucuresti/locatie/dr-max-drumul-taberei-24/1631/,09:00-19:30
"Dr.Max Giurgiului 123, Bl. 4B",https://tazz.ro/bucuresti/locatie/dr-max-giurgiului-123-bl-4b/1622/,09:00-19:30
Dr.Max Ion Mihalache 343,https://tazz.ro/bucuresti/locatie/dr-max-ion-mihalache-343/1593/,09:00-19:30
Dr.Max Ion Mihalache 60,https://tazz.ro/bucuresti/locatie/dr-max-ion-mihalache-60/1596/,09:00-19:30
"Dr.Max Maniu 67, bl 6",https://tazz.ro/bucuresti/locatie/dr-max-maniu-67-bl-6/1633/,09:00-20:30
Dr.Max Mihai Bravu nr 288,https://tazz.ro/bucuresti/locatie/dr-max-mihai-bravu-nr-288/1615/,09:00-19:30
"Dr.Max N. Grigorescu 31A, N21",https://tazz.ro/bucuresti/locatie/dr-max-n-grigorescu-31a-n21/1618/,09:00-19:30
Dr.Max Nicolae Grigorescu 2,https://tazz.ro/bucuresti/locatie/dr-max-nicolae-grigorescu-2/1614/,09:00-19:30
Dr.Max Obregia 31,https://tazz.ro/bucuresti/locatie/dr-max-obregia-31/1623/,09:00-20:30
"Dr.Max Pantelimon 245, bl 51",https://tazz.ro/bucuresti/locatie/dr-max-pantelimon-245-bl-51/1609/,09:00-20:30
"Dr.Max Pantelimon 356, Bl 1",https://tazz.ro/bucuresti/locatie/dr-max-pantelimon-356-bl-1/1610/,09:00-20:30
Dr.Max Pipera nr. 7,https://tazz.ro/bucuresti/locatie/dr-max-pipera-nr-7/1602/,09:00-15:30
Dr.Max Racovita 22A,https://tazz.ro/bucuresti/locatie/dr-max-racovita-22a/1621/,09:00-19:30
Dr.Max Radu Beller 3-7,https://tazz.ro/bucuresti/locatie/dr-max-radu-beller-3-7/1595/,09:00-19:30
Dr.Max Rahovei 297 Bl.72A,https://tazz.ro/bucuresti/locatie/dr-max-rahovei-297-bl-72a/1628/,09:00-20:30
Dr.Max Rebreanu 4,https://tazz.ro/bucuresti/locatie/dr-max-rebreanu-4/1616/,09:00-19:30
Dr.Max Stefan Cel Mare 1-3,https://tazz.ro/bucuresti/locatie/dr-max-stefan-cel-mare-1-3/1594/,09:00-19:30
"Dr.Max Stefan cel Mare 48,35A",https://tazz.ro/bucuresti/locatie/dr-max-stefan-cel-mare-48-35a/1612/,09:00-19:30
"Dr.Max Titel Petrescu 2, C62",https://tazz.ro/bucuresti/locatie/dr-max-titel-petrescu-2-c62/1632/,09:00-19:30
"Dr.Max Tulnici 2, Bl.47",https://tazz.ro/bucuresti/locatie/dr-max-tulnici-2-bl-47/1625/,09:00-20:30
"Dr.Max Unirii 27, bl 15",https://tazz.ro/bucuresti/locatie/dr-max-unirii-27-bl-15/1617/,09:00-19:30
Dr.Max Vacarescu 120,https://tazz.ro/bucuresti/locatie/dr-max-vacarescu-120/1606/,09:00-19:30
iMark Sistem,https://tazz.ro/bucuresti/locatie/imark-sistem/2473/,08:30-17:00
La foc iute,https://tazz.ro/bucuresti/locatie/la-foc-iute/657/,Deschide maine la 09:00
Pizzeria da Michele,https://tazz.ro/bucuresti/locatie/pizzeria-da-michele/752/,11:00-22:00
Sushi Master Bucuresti Halelor,https://tazz.ro/bucuresti/locatie/sushi-master-bucuresti-halelor/3239/,11:00-20:45
Vitacom Electronics Bucuresti,https://tazz.ro/bucuresti/locatie/vitacom-electronics-bucuresti/3038/,10:00-18:00
Hard Rock Cafe Bucharest,https://tazz.ro/bucuresti/locatie/hard-rock-cafe-bucharest/2140/,11:30-21:30
Poesia,https://tazz.ro/bucuresti/locatie/poesia/1940/,12:00-21:30
Fiori,https://tazz.ro/bucuresti/locatie/fiori/1949/,Inchis
Scandia Sibiu Vitan,https://tazz.ro/bucuresti/locatie/scandia-sibiu-vitan/3126/,12:00-20:00
Resto Aperto,https://tazz.ro/bucuresti/locatie/resto-aperto/2244/,12:00-21:30
Scandia Sibiu Baneasa,https://tazz.ro/bucuresti/locatie/scandia-sibiu-baneasa/3124/,12:00-20:00
Fry Away - Belgian Fries,https://tazz.ro/bucuresti/locatie/fry-away-belgian-fries/2898/,Inchis
Salad Box Baneasa,https://tazz.ro/bucuresti/locatie/salad-box-baneasa/2218/,12:00-19:45
Osho,https://tazz.ro/bucuresti/locatie/osho/2129/,12:00-21:30
IndiVan Aviatiei,https://tazz.ro/bucuresti/locatie/indivan-aviatiei/1968/,Deschide azi la 17:00
Yoshi,https://tazz.ro/bucuresti/locatie/yoshi/2089/,12:00-22:00
Mexican Bizness - Gradina Dorobanti,https://tazz.ro/bucuresti/locatie/mexican-bizness-gradina-dorobanti/2897/,Deschide azi la 16:00
Mamizza,https://tazz.ro/bucuresti/locatie/mamizza/2154/,12:00-15:3018:00-22:00
Zen sushi Caramfil,https://tazz.ro/bucuresti/locatie/zen-sushi-caramfil/3229/,12:00-22:00
Zen sushi Tineretului,https://tazz.ro/bucuresti/locatie/zen-sushi-tineretului/2119/,12:00-22:00
Pasta del Popolo,https://tazz.ro/bucuresti/locatie/pasta-del-popolo/2157/,12:00-21:00
Camionetta pizzeria baneasa,https://tazz.ro/bucuresti/locatie/camionetta-pizzeria-baneasa/2165/,11:45-22:00
Kanpai,https://tazz.ro/bucuresti/locatie/kanpai/2160/,12:00-21:45
Booze by Ursus,https://tazz.ro/bucuresti/locatie/booze-by-ursus/1969/,12:00-21:00
Fomizza,https://tazz.ro/bucuresti/locatie/fomizza/2107/,12:00-21:30
Magazin Hard Rock Cafe,https://tazz.ro/bucuresti/locatie/magazin-hard-rock-cafe/3118/,12:00-21:00
Casa di David,https://tazz.ro/bucuresti/locatie/casa-di-david/2233/,12:00-22:00
Just bite,https://tazz.ro/bucuresti/locatie/just-bite/1970/,11:30-20:30
Japanos Floreasca,https://tazz.ro/bucuresti/locatie/japanos-floreasca/2933/,Inchis
Japanos Victoriei,https://tazz.ro/bucuresti/locatie/japanos-victoriei/1040/,12:00-21:00
Zen sushi Dorobanti,https://tazz.ro/bucuresti/locatie/zen-sushi-dorobanti/2114/,12:00-22:00
The Bazaar,https://tazz.ro/bucuresti/locatie/the-bazaar/2943/,12:00-22:00
Cherhanaua Ancora,https://tazz.ro/bucuresti/locatie/cherhanaua-ancora/1942/,12:00-22:00
ZÄƒ Lokal,https://tazz.ro/bucuresti/locatie/za-lokal/784/,12:00-20:00
Burger Van Bistro,https://tazz.ro/bucuresti/locatie/burger-van-bistro/1801/,11:30-22:00
Pizzeria La Coco,https://tazz.ro/bucuresti/locatie/pizzeria-la-coco/3149/,Inchis
Oro Toro Floreasca,https://tazz.ro/bucuresti/locatie/oro-toro-floreasca/2137/,12:00-21:00
Dream Pizza,https://tazz.ro/bucuresti/locatie/dream-pizza/3171/,13:00-22:00
Zeama Buna SiseÈ™ti,https://tazz.ro/bucuresti/locatie/zeama-buna-sisesti/864/,Inchis
Shaormeria BNC,https://tazz.ro/bucuresti/locatie/shaormeria-bnc/3166/,Deschide maine la 11:30
Pep&Pepper Plaza,https://tazz.ro/bucuresti/locatie/pep-pepper-plaza/2336/,12:00-19:30
Zen Sushi Victoriei,https://tazz.ro/bucuresti/locatie/zen-sushi-victoriei/2111/,12:00-22:00
In Mici We Trust,https://tazz.ro/bucuresti/locatie/in-mici-we-trust/1967/,12:00-21:00
Burger Van Home,https://tazz.ro/bucuresti/locatie/burger-van-home/1802/,11:30-22:00
Bucataria Din Popesti,https://tazz.ro/bucuresti/locatie/bucataria-din-popesti/3175/,11:30-19:30
Check In Longue,https://tazz.ro/bucuresti/locatie/check-in-longue/3177/,Inchis
Del Popolo shop,https://tazz.ro/bucuresti/locatie/del-popolo-shop/2152/,12:00-21:00
Fratellini Delivery,https://tazz.ro/bucuresti/locatie/fratellini-delivery/1739/,Inchis
La Brasserie Bistro&Lounge,https://tazz.ro/bucuresti/locatie/la-brasserie-bistro-lounge/2205/,12:00-22:00
Zen Sushi Sarroglia,https://tazz.ro/bucuresti/locatie/zen-sushi-sarroglia/2108/,12:00-22:00
Balls,https://tazz.ro/bucuresti/locatie/balls/2796/,12:00-21:45
Paine si Vin,https://tazz.ro/bucuresti/locatie/paine-si-vin/2307/,Deschide azi la 17:00
Sugubat,https://tazz.ro/bucuresti/locatie/sugubat/1803/,11:30-21:30
Xi Lai,https://tazz.ro/bucuresti/locatie/xi-lai/2418/,Deschide azi la 17:15
El Bacha,https://tazz.ro/bucuresti/locatie/el-bacha/875/,12:00-19:30
Gelato D`Amore,https://tazz.ro/bucuresti/locatie/gelato-d-amore/1800/,12:00-19:30
Energiea,https://tazz.ro/bucuresti/locatie/energiea/2263/,Deschide azi la 17:00
Trattoria Fresca,https://tazz.ro/bucuresti/locatie/trattoria-fresca/863/,11:30-21:00
La Rulota Burgarie si altele,https://tazz.ro/bucuresti/locatie/la-rulota-burgarie-si-altele/1891/,Deschide in 04.08 la 10:30
Hanul Hangitei,https://tazz.ro/bucuresti/locatie/hanul-hangitei/913/,11:30-21:30
Dulcegaria,https://tazz.ro/bucuresti/locatie/dulcegaria/3131/,12:00-21:30
Jâ€™ai Bistrot,https://tazz.ro/bucuresti/locatie/j-ai-bistrot/3176/,12:00-20:00
Butoiul cu inghetata,https://tazz.ro/bucuresti/locatie/butoiul-cu-inghetata/2092/,12:00-21:00
Club Expirat,https://tazz.ro/bucuresti/locatie/club-expirat/3307/,Deschide maine la 18:00
Gourmet Street Food,https://tazz.ro/bucuresti/locatie/gourmet-street-food/3140/,12:00-22:00
Draft Pub,https://tazz.ro/bucuresti/locatie/draft-pub/3246/,12:00-21:30
Red Angus Steakhouse,https://tazz.ro/bucuresti/locatie/red-angus-steakhouse/2680/,12:00-21:30
Kilkenny Irish Pub,https://tazz.ro/bucuresti/locatie/kilkenny-irish-pub/3294/,12:00-22:00
Eat Baneasa,https://tazz.ro/bucuresti/locatie/eat-baneasa/1879/,Deschide maine la 10:00
Stick It Chinese Chef,https://tazz.ro/bucuresti/locatie/stick-it-chinese-chef/3378/,11:45-21:45
"Sit, Eat - Creative Burgers",https://tazz.ro/bucuresti/locatie/sit-eat-creative-burgers/1939/,12:00-21:00
Costelaria Nord,https://tazz.ro/bucuresti/locatie/costelaria-nord/2920/,12:00-22:00
Camionetta timpuri noi,https://tazz.ro/bucuresti/locatie/camionetta-timpuri-noi/2170/,11:45-22:00
Berestroika,https://tazz.ro/bucuresti/locatie/berestroika/906/,14:00-22:00
Rocca by The Jar,https://tazz.ro/bucuresti/locatie/rocca-by-the-jar/878/,12:00-19:00
DaBeef,https://tazz.ro/bucuresti/locatie/dabeef/2138/,12:00-21:30
Restaurant Minish,https://tazz.ro/bucuresti/locatie/restaurant-minish/843/,12:00-18:00
Pescaderia by Alioli Bucuresti,https://tazz.ro/bucuresti/locatie/pescaderia-by-alioli-bucuresti/1976/,Deschide in 29.07 la 11:30
BO$$ Mini Burgers Mega mall,https://tazz.ro/bucuresti/locatie/bo-mini-burgers-mega-mall/3051/,Deschide maine la 11:30
Nikos Greek Taverna,https://tazz.ro/bucuresti/locatie/nikos-greek-taverna/804/,Inchis
Maize,https://tazz.ro/bucuresti/locatie/maize/3253/,Deschide maine la 12:00
Pizza PPH Viilor,https://tazz.ro/bucuresti/locatie/pizza-pph-viilor/1038/,Inchis
Stadio â€“ Park,https://tazz.ro/bucuresti/locatie/stadio-park/2993/,12:00-22:00
La Jar,https://tazz.ro/bucuresti/locatie/la-jar/667/,Inchis
Pizza PPH Lirei,https://tazz.ro/bucuresti/locatie/pizza-pph-lirei/1039/,Inchis
Japanos Selari,https://tazz.ro/bucuresti/locatie/japanos-selari/1041/,Inchis
Burger Station,https://tazz.ro/bucuresti/locatie/burger-station/912/,11:45-22:00
La Placinte Titulescu,https://tazz.ro/bucuresti/locatie/la-placinte-titulescu/939/,Inchis
Vienna Original Wiener Wurst,https://tazz.ro/bucuresti/locatie/vienna-original-wiener-wurst/998/,Inchis
Burgerlords,https://tazz.ro/bucuresti/locatie/burgerlords/3129/,Deschide maine la 10:00
Pizzeria Mamma Mia,https://tazz.ro/bucuresti/locatie/pizzeria-mamma-mia/981/,Inchis
Victory Burger,https://tazz.ro/bucuresti/locatie/victory-burger/3130/,Deschide maine la 12:00
Corvaris,https://tazz.ro/bucuresti/locatie/corvaris/958/,Inchis
eMAG Lego Baneasa,https://tazz.ro/bucuresti/locatie/emag-lego-baneasa/1708/,12:00-19:30
Karamna,https://tazz.ro/bucuresti/locatie/karamna/982/,Inchis
Switch. Eat At Home,https://tazz.ro/bucuresti/locatie/switch-eat-at-home/3377/,Deschide maine la 12:00
Terasa Privighetorilor,https://tazz.ro/bucuresti/locatie/terasa-privighetorilor/905/,Inchis
Restaurant Mandaloun,https://tazz.ro/bucuresti/locatie/restaurant-mandaloun/3348/,12:00-20:00
Stadio â€“ Unirii,https://tazz.ro/bucuresti/locatie/stadio-unirii/2995/,12:00-22:00
Mr. PurceluÈ™,https://tazz.ro/bucuresti/locatie/mr-purcelus/829/,Inchis
Nabu,https://tazz.ro/bucuresti/locatie/nabu/935/,Deschide azi la 16:00
Hot Woks,https://tazz.ro/bucuresti/locatie/hot-woks/800/,Inchis
Tasty Decebal,https://tazz.ro/bucuresti/locatie/tasty-decebal/854/,Inchis
BO$$ Mini Burgers Afi,https://tazz.ro/bucuresti/locatie/bo-mini-burgers-afi/2673/,11:30-20:30
Chocoloco Universitate,https://tazz.ro/bucuresti/locatie/chocoloco-universitate/2957/,12:00-22:00
Savuro,https://tazz.ro/bucuresti/locatie/savuro/924/,Inchis
Arabesk,https://tazz.ro/bucuresti/locatie/arabesk/844/,Inchis
Gyros Thessalonikis Gabroveni,https://tazz.ro/bucuresti/locatie/gyros-thessalonikis-gabroveni/2097/,Inchis
Ad Hoc,https://tazz.ro/bucuresti/locatie/ad-hoc/3240/,12:00-21:30
#PizzaGram,https://tazz.ro/bucuresti/locatie/-pizzagram/1053/,12:00-21:30
Memo Kebab,https://tazz.ro/bucuresti/locatie/memo-kebab/808/,Inchis
Chimney Cake Factory,https://tazz.ro/bucuresti/locatie/chimney-cake-factory/3077/,Deschide maine la 12:00
Ribs Bar&Grill,https://tazz.ro/bucuresti/locatie/ribs-bar-grill/2255/,14:00-22:00
Mao Pub,https://tazz.ro/bucuresti/locatie/mao-pub/3251/,14:00-22:00
#Aici,https://tazz.ro/bucuresti/locatie/-aici/3306/,12:00-18:00
Atelier Chef Silviu Nedelea,https://tazz.ro/bucuresti/locatie/atelier-chef-silviu-nedelea/3182/,Deschide maine la 12:00
Bolta Rece,https://tazz.ro/bucuresti/locatie/bolta-rece/3170/,12:00-22:00
Burger God,https://tazz.ro/bucuresti/locatie/burger-god/3303/,Deschide azi la 17:00
Ciorbe Salate Citysoup Mihai Bravu,https://tazz.ro/bucuresti/locatie/ciorbe-salate-citysoup-mihai-bravu/2875/,Inchis
Ciorbe si Salate House of Soup Mihai Bravu,https://tazz.ro/bucuresti/locatie/ciorbe-si-salate-house-of-soup-mihai-bravu/3127/,Inchis
Ciorbescu S,https://tazz.ro/bucuresti/locatie/ciorbescu-s/1199/,Inchis
Clatitaria Nord,https://tazz.ro/bucuresti/locatie/clatitaria-nord/1299/,Inchis
Crama Hanul Hangitei,https://tazz.ro/bucuresti/locatie/crama-hanul-hangitei/3256/,11:30-22:00
Flip Flop,https://tazz.ro/bucuresti/locatie/flip-flop/1297/,Inchis
FULL KEBAB Vitan,https://tazz.ro/bucuresti/locatie/full-kebab-vitan/3133/,Deschide maine la 11:00
Garden8,https://tazz.ro/bucuresti/locatie/garden8/1341/,Inchis
Glucoza Bar,https://tazz.ro/bucuresti/locatie/glucoza-bar/3353/,14:30-21:30
Jadoo,https://tazz.ro/bucuresti/locatie/jadoo/1129/,12:00-21:00
John`s Pub,https://tazz.ro/bucuresti/locatie/john-s-pub/1319/,Inchis
La Vitrine,https://tazz.ro/bucuresti/locatie/la-vitrine/3352/,12:00-20:00
Lunch & Diner,https://tazz.ro/bucuresti/locatie/lunch-diner/3381/,11:30-19:00
My sushi,https://tazz.ro/bucuresti/locatie/my-sushi/856/,Inchis
Pep&Pepper Afi,https://tazz.ro/bucuresti/locatie/pep-pepper-afi/2258/,11:30-20:30
Pizza PPH Sipetului,https://tazz.ro/bucuresti/locatie/pizza-pph-sipetului/1037/,Inchis
Pizzeria Brothers,https://tazz.ro/bucuresti/locatie/pizzeria-brothers/899/,Inchis
Pizzeria lui Antonio,https://tazz.ro/bucuresti/locatie/pizzeria-lui-antonio/1346/,Inchis
Salad Box ParkLake,https://tazz.ro/bucuresti/locatie/salad-box-parklake/2541/,10:00-21:00
Shoteria Distilerry - Shop online de bauturi,https://tazz.ro/bucuresti/locatie/shoteria-distilerry-shop-online-de-bauturi/3343/,12:00-00:00
Shoteria Statia de prima alcoolizare,https://tazz.ro/bucuresti/locatie/shoteria-statia-de-prima-alcoolizare/3342/,12:00-00:00
Shoteria Statia de prima alcoolizare Selari,https://tazz.ro/bucuresti/locatie/shoteria-statia-de-prima-alcoolizare-selari/3344/,Deschide in 30.07 la 19:00
St. Patrick Irish Pub,https://tazz.ro/bucuresti/locatie/st-patrick-irish-pub/3293/,12:00-22:00
Statia Litoral de la Shoteria,https://tazz.ro/bucuresti/locatie/statia-litoral-de-la-shoteria/3341/,12:00-00:00
Steak Me Home,https://tazz.ro/bucuresti/locatie/steak-me-home/3380/,11:30-21:00
Street Chefs AFI,https://tazz.ro/bucuresti/locatie/street-chefs-afi/908/,Inchis
Switch. Eat Bistro,https://tazz.ro/bucuresti/locatie/switch-eat-bistro/3371/,12:00-21:00
Terasa la Elvis,https://tazz.ro/bucuresti/locatie/terasa-la-elvis/1326/,Inchis
Trattoria Roma,https://tazz.ro/bucuresti/locatie/trattoria-roma/2724/,11:30-21:30
Vacanta Culinara,https://tazz.ro/bucuresti/locatie/vacanta-culinara/3285/,12:00-22:00
Villa Bellagio,https://tazz.ro/bucuresti/locatie/villa-bellagio/1138/,Inchis
Vivolis,https://tazz.ro/bucuresti/locatie/vivolis/1066/,Inchis
Furgoneta Pipera,https://tazz.ro/bucuresti/locatie/furgoneta-pipera/1829/,11:30-19:45
Uncle John Sun Plaza,https://tazz.ro/bucuresti/locatie/uncle-john-sun-plaza/767/,Inchis
The Globe Pub,https://tazz.ro/bucuresti/locatie/the-globe-pub/827/,Inchis
Pizza Bonita Parklake,https://tazz.ro/bucuresti/locatie/pizza-bonita-parklake/3221/,11:30-21:30
Furgoneta Militari,https://tazz.ro/bucuresti/locatie/furgoneta-militari/1828/,11:30-21:30
Furgoneta Piata Victoriei,https://tazz.ro/bucuresti/locatie/furgoneta-piata-victoriei/1826/,11:30-21:30
Mr. Obelix MoÈ™ilor,https://tazz.ro/bucuresti/locatie/mr-obelix-mosilor/799/,Inchis
Restaurant Divin,https://tazz.ro/bucuresti/locatie/restaurant-divin/760/,Inchis
Smart Bistro,https://tazz.ro/bucuresti/locatie/smart-bistro/809/,Inchis
Trattoria La Nostalgia,https://tazz.ro/bucuresti/locatie/trattoria-la-nostalgia/738/,12:00-22:00
Restaurant Dristor,https://tazz.ro/bucuresti/locatie/restaurant-dristor/787/,Inchis
Hot Grill Cafe,https://tazz.ro/bucuresti/locatie/hot-grill-cafe/758/,11:30-18:00
PadThai,https://tazz.ro/bucuresti/locatie/padthai/762/,12:00-22:00
Pizza Bonita Strip Mall,https://tazz.ro/bucuresti/locatie/pizza-bonita-strip-mall/3223/,12:00-22:00
FoodVibe,https://tazz.ro/bucuresti/locatie/foodvibe/753/,Deschide maine la 11:00
Zeppelin Pub,https://tazz.ro/bucuresti/locatie/zeppelin-pub/1804/,14:00-21:00
Taverna Fierarilor,https://tazz.ro/bucuresti/locatie/taverna-fierarilor/695/,Inchis
Schnitzeria,https://tazz.ro/bucuresti/locatie/schnitzeria/687/,Inchis
Sushi House Delivery,https://tazz.ro/bucuresti/locatie/sushi-house-delivery/714/,12:00-22:00
Have a Cigar Pub,https://tazz.ro/bucuresti/locatie/have-a-cigar-pub/1839/,12:00-21:30
Pizza & Shaorma Delivery,https://tazz.ro/bucuresti/locatie/pizza-shaorma-delivery/724/,Deschide in 10.08 la 10:00
Capri Pizza,https://tazz.ro/bucuresti/locatie/capri-pizza/670/,Inchis
Uncle John Park Lake,https://tazz.ro/bucuresti/locatie/uncle-john-park-lake/768/,Inchis
Taksim Park Lake,https://tazz.ro/bucuresti/locatie/taksim-park-lake/2484/,12:00-20:00
Sushi Time,https://tazz.ro/bucuresti/locatie/sushi-time/836/,Inchis
Uncle John Pipera,https://tazz.ro/bucuresti/locatie/uncle-john-pipera/769/,Inchis
Vatra Satului,https://tazz.ro/bucuresti/locatie/vatra-satului/723/,Deschide in 10.08 la 10:00
Pizzeria La Strada,https://tazz.ro/bucuresti/locatie/pizzeria-la-strada/666/,Inchis
Plan B,https://tazz.ro/bucuresti/locatie/plan-b/684/,Inchis
Sushi Garden,https://tazz.ro/bucuresti/locatie/sushi-garden/686/,Inchis
Greek Souvlaki,https://tazz.ro/bucuresti/locatie/greek-souvlaki/703/,Inchis
Casa NaÈ™ului,https://tazz.ro/bucuresti/locatie/casa-nasului/780/,12:00-22:00
Taksim Afi Cotroceni,https://tazz.ro/bucuresti/locatie/taksim-afi-cotroceni/2171/,12:00-20:00
Delicios Food,https://tazz.ro/bucuresti/locatie/delicios-food/722/,Inchis
La Gafe,https://tazz.ro/bucuresti/locatie/la-gafe/660/,Inchis
Alexia Garden,https://tazz.ro/bucuresti/locatie/alexia-garden/779/,Inchis
MyMeal,https://tazz.ro/bucuresti/locatie/mymeal/654/,Inchis
Uncle John Plaza,https://tazz.ro/bucuresti/locatie/uncle-john-plaza/771/,Inchis
La ProÈ›ap,https://tazz.ro/bucuresti/locatie/la-protap/725/,Inchis
High Life Tavern & Pub,https://tazz.ro/bucuresti/locatie/high-life-tavern-pub/665/,Inchis
Trattoria Planet,https://tazz.ro/bucuresti/locatie/trattoria-planet/715/,12:00-21:30
Coltu` Berarilor,https://tazz.ro/bucuresti/locatie/coltu-berarilor/702/,Inchis
Corner Delivery,https://tazz.ro/bucuresti/locatie/corner-delivery/676/,Inchis
French Bakery,https://tazz.ro/bucuresti/locatie/french-bakery/661/,Inchis
Pizza Bonita Auchan Titan,https://tazz.ro/bucuresti/locatie/pizza-bonita-auchan-titan/3222/,11:30-21:15
Old Brick Pub,https://tazz.ro/bucuresti/locatie/old-brick-pub/766/,Inchis
Hashtag Pub,https://tazz.ro/bucuresti/locatie/hashtag-pub/772/,Inchis
La Ceaune,https://tazz.ro/bucuresti/locatie/la-ceaune/669/,Inchis
Emerald Food,https://tazz.ro/bucuresti/locatie/emerald-food/678/,Inchis
Il Matterello,https://tazz.ro/bucuresti/locatie/il-matterello/674/,Inchis
DorobanÈ›,https://tazz.ro/bucuresti/locatie/dorobant/671/,Inchis
Restaurant Lucaâ€™s,https://tazz.ro/bucuresti/locatie/restaurant-luca-s/764/,Inchis
MÃ¢ncare cu È˜taif,https://tazz.ro/bucuresti/locatie/mancare-cu-staif/653/,Inchis
21 Pub Innovator,https://tazz.ro/bucuresti/locatie/21-pub-innovator/754/,Inchis
Allegria Drinks & Pizza,https://tazz.ro/bucuresti/locatie/allegria-drinks-pizza/788/,Inchis
Apetitus,https://tazz.ro/bucuresti/locatie/apetitus/740/,Inchis
Borsalino,https://tazz.ro/bucuresti/locatie/borsalino/673/,Inchis
Casa Bachus,https://tazz.ro/bucuresti/locatie/casa-bachus/685/,Inchis
Czech In Square Pub,https://tazz.ro/bucuresti/locatie/czech-in-square-pub/873/,Inchis
Dr.Max Pantelimon 244-246,https://tazz.ro/bucuresti/locatie/dr-max-pantelimon-244-246/1607/,Inchis
Grecopolis,https://tazz.ro/bucuresti/locatie/grecopolis/783/,Inchis
New York Pizza,https://tazz.ro/bucuresti/locatie/new-york-pizza/688/,Inchis
Osteria Di David,https://tazz.ro/bucuresti/locatie/osteria-di-david/826/,Inchis
Soho Burgers & More,https://tazz.ro/bucuresti/locatie/soho-burgers-more/828/,Inchis
Trattoria Borghese,https://tazz.ro/bucuresti/locatie/trattoria-borghese/833/,Inchis
Uncle John Auchan Drumul Taberei,https://tazz.ro/bucuresti/locatie/uncle-john-auchan-drumul-taberei/770/,Inchis
Verbun CrÃ¢ngaÈ™i,https://tazz.ro/bucuresti/locatie/verbun-crangasi/793/,Inchis
