Dolce Nina,https://www.rappi.com.pe/punta-hermosa/restaurantes/dolce-nina
Trattoria Don Angelo,https://www.rappi.com.pe/punta-hermosa/restaurantes/trattoria-don-angelo
Cevicheria Silvia,https://www.rappi.com.pe/punta-hermosa/restaurantes/cevicheria-silvia
La Casa de Gloria,https://www.rappi.com.pe/punta-hermosa/restaurantes/la-casa-de-gloria
Marcelo Seafood,https://www.rappi.com.pe/punta-hermosa/restaurantes/marcelo-seafood
Cecilia y Paco,https://www.rappi.com.pe/punta-hermosa/restaurantes/cecilia-y-paco
Jazmines Pastelería,https://www.rappi.com.pe/punta-hermosa/restaurantes/jazmines-pasteleria
Barra 44,https://www.rappi.com.pe/punta-hermosa/restaurantes/barra-44
Doris,https://www.rappi.com.pe/punta-hermosa/restaurantes/doris
Trattoria Dbari,https://www.rappi.com.pe/punta-hermosa/restaurantes/trattoria-dbari
Ta´art Pastelería,https://www.rappi.com.pe/punta-hermosa/restaurantes/taart-pasteleria
