Sepia Restaurante,https://www.rappi.com.pe/cusco/restaurantes/sepia-club-cafe
Bembos,https://www.rappi.com.pe/cusco/restaurantes/bembos
Dufrapé,https://www.rappi.com.pe/cusco/restaurantes/dufrape
Chinawok,https://www.rappi.com.pe/cusco/restaurantes/chinawok
La Granja Real,https://www.rappi.com.pe/cusco/restaurantes/la-granja-real
Fuego Burgers & Barbecue,https://www.rappi.com.pe/cusco/restaurantes/fuego-burgers-barbecue
El Mariscal Barra Cevichera,https://www.rappi.com.pe/cusco/restaurantes/el-mariscal-barra-cevichera
Chifa Capon,https://www.rappi.com.pe/cusco/restaurantes/chifa-capon
El Galpón Metele Diente,https://www.rappi.com.pe/cusco/restaurantes/el-galpon-metele-diente
Abrassador Pastas y Carnes,https://www.rappi.com.pe/cusco/restaurantes/abrassador-pastas-y-carnes
Gelarti - Helado Gourmet,https://www.rappi.com.pe/cusco/restaurantes/gelarti-helado-gourmet
El Tablón,https://www.rappi.com.pe/cusco/restaurantes/el-tablon
El Hornito Pizzeria's,https://www.rappi.com.pe/cusco/restaurantes/el-hornito-pizzerias
Camilanessa - La Verdadera Milanesa,https://www.rappi.com.pe/cusco/restaurantes/camilanessa---la-verdadera-milanesa
El Cilindro de Martín,https://www.rappi.com.pe/cusco/restaurantes/el-cilindro-de-martin
Sama Healthy Express - Saludable,https://www.rappi.com.pe/cusco/restaurantes/sama-healthy-express-san-isidro
KFC,https://www.rappi.com.pe/cusco/restaurantes/kfc
Allegra Cusco Pizzería,https://www.rappi.com.pe/cusco/restaurantes/allegra-cusco-pizzeria
Alma,https://www.rappi.com.pe/cusco/restaurantes/alma
Dulce Lobo,https://www.rappi.com.pe/cusco/restaurantes/dulce-lobo
Prasada The Vegan Temple,https://www.rappi.com.pe/cusco/restaurantes/prasada-the-vegan-temple
Bárbaros Food & Drink,https://www.rappi.com.pe/cusco/restaurantes/barbaros-food-drink
Juan Valdez,https://www.rappi.com.pe/cusco/restaurantes/juan-valdez
Sentidos Café Gourmet,https://www.rappi.com.pe/cusco/restaurantes/sentidos-cafe-gourmet
Tunupa Restaurantes,https://www.rappi.com.pe/cusco/restaurantes/tunupa-restaurantes
Palate Pizza & Burger Bar,https://www.rappi.com.pe/cusco/restaurantes/palate-pizza-burger-bar
Limbus,https://www.rappi.com.pe/cusco/restaurantes/limbus
Pizza Hogar,https://www.rappi.com.pe/cusco/restaurantes/pizza-hogar
Bodega Italiana,https://www.rappi.com.pe/cusco/restaurantes/bodega-italiana
Takysan,https://www.rappi.com.pe/cusco/restaurantes/takysan
Burger Factory,https://www.rappi.com.pe/cusco/restaurantes/burger-factory
Caliente Tetería Macerados y Tapas,https://www.rappi.com.pe/cusco/restaurantes/caliente-teteria-macerados-y-tapas
Chez Maggy,https://www.rappi.com.pe/cusco/restaurantes/chez-maggy
Pizzería Al Pacino,https://www.rappi.com.pe/cusco/restaurantes/pizzeria-al-pacino
Crepemanía,https://www.rappi.com.pe/cusco/restaurantes/crepemania
Supremma Pizzería,https://www.rappi.com.pe/cusco/restaurantes/supremma-pizzeria
El Duende Resto Lounge Bar,https://www.rappi.com.pe/cusco/restaurantes/el-duende-resto-lounge-bar
The Rolling Wok,https://www.rappi.com.pe/cusco/restaurantes/the-rolling-wok
Bonna Pizza,https://www.rappi.com.pe/cusco/restaurantes/bonna-pizza
Rupha's Dinner,https://www.rappi.com.pe/cusco/restaurantes/ruphas-dinner
