Tanta,https://www.rappi.com.pe/lima/restaurantes/tanta
Saki Poké & Bowls,https://www.rappi.com.pe/lima/restaurantes/saki-poke-bowls
Pickadeli - Saludable,https://www.rappi.com.pe/lima/restaurantes/pickadeli-saludable
Quinoa Café - Saludable,https://www.rappi.com.pe/lima/restaurantes/quinoa-cafe-saludable
Freshii - Saludable,https://www.rappi.com.pe/lima/restaurantes/freshii-saludable
Protein Food,https://www.rappi.com.pe/lima/restaurantes/protein-food
Chacho,https://www.rappi.com.pe/lima/restaurantes/chacho
La Nevera Fit - Café,https://www.rappi.com.pe/lima/restaurantes/la-nevera-fit-cafe
Café de Lima,https://www.rappi.com.pe/lima/restaurantes/cafe-de-lima
El Bodegón,https://www.rappi.com.pe/lima/restaurantes/el-bodegon
Pastelería San Antonio,https://www.rappi.com.pe/lima/restaurantes/pasteleria-san-antonio
Primos Chicken Bar - Pollo,https://www.rappi.com.pe/lima/restaurantes/primos-chicken-bar-pollo
Papacho's,https://www.rappi.com.pe/lima/restaurantes/papachos
500 Grados,https://www.rappi.com.pe/lima/restaurantes/500-grados
Terminal Fusión,https://www.rappi.com.pe/lima/restaurantes/terminal-fusion
Pollo McCrispy,https://www.rappi.com.pe/lima/restaurantes/pollo-mccrispy
Popeyes,https://www.rappi.com.pe/lima/restaurantes/popeyes
Panchita Sazón Criolla,https://www.rappi.com.pe/lima/restaurantes/panchita-sazon-criolla
McDonald's,https://www.rappi.com.pe/lima/restaurantes/mcdonalds
Detox Perú,https://www.rappi.com.pe/lima/restaurantes/detox-peru
La Mora - Cafetería,https://www.rappi.com.pe/lima/restaurantes/la-mora-cafeteria
Mi Gran Combo Peruano - Comida Criolla,https://www.rappi.com.pe/lima/restaurantes/mi-gran-combo-peruano-comida-criolla
Barra Chalaca,https://www.rappi.com.pe/lima/restaurantes/barra-chalaca
Subway,https://www.rappi.com.pe/lima/restaurantes/subway
Insólito Wraps y Ensaladas Gourmet,https://www.rappi.com.pe/lima/restaurantes/insolito-wraps-y-ensaladas-gourmet
KO Asian Kitchen,https://www.rappi.com.pe/lima/restaurantes/ko-asian-kitchen
Lima Wok,https://www.rappi.com.pe/lima/restaurantes/lima-wok
La Baguette,https://www.rappi.com.pe/lima/restaurantes/la-baguette
Mr. Sushi,https://www.rappi.com.pe/lima/restaurantes/mr-sushi
Tierra Santa,https://www.rappi.com.pe/lima/restaurantes/tierra-santa
Isolina - Taberna Peruana,https://www.rappi.com.pe/lima/restaurantes/isolina-taberna-peruana
Pardos Chicken,https://www.rappi.com.pe/lima/restaurantes/pardos-chicken
Zushumi,https://www.rappi.com.pe/lima/restaurantes/zushumi
La Mar Cebichería Peruana,https://www.rappi.com.pe/lima/restaurantes/la-mar-cebicheria-peruana
Fridays,https://www.rappi.com.pe/lima/restaurantes/fridays
Mallku,https://www.rappi.com.pe/lima/restaurantes/mallku
Natural Energy,https://www.rappi.com.pe/lima/restaurantes/natural-energy
Hawi Poke Bowls,https://www.rappi.com.pe/lima/restaurantes/hawi-poke-bowls
Sama Healthy Express - Saludable,https://www.rappi.com.pe/lima/restaurantes/sama-healthy-express-saludable
Delicass - Cafetería,https://www.rappi.com.pe/lima/restaurantes/delicass-cafeteria
Nori Taco,https://www.rappi.com.pe/lima/restaurantes/nori-taco
Chinawok,https://www.rappi.com.pe/lima/restaurantes/chinawok
Mediterráneo,https://www.rappi.com.pe/lima/restaurantes/mediterraneo
La Red,https://www.rappi.com.pe/lima/restaurantes/la-red
Carnal,https://www.rappi.com.pe/lima/restaurantes/carnal
La Cueva del Frances,https://www.rappi.com.pe/lima/restaurantes/la-cueva-del-frances
Bembos,https://www.rappi.com.pe/lima/restaurantes/bembos
Menús.pe,https://www.rappi.com.pe/lima/restaurantes/menuspe
VaBien - Saludable,https://www.rappi.com.pe/lima/restaurantes/vabien-saludable
La Gran Fruta,https://www.rappi.com.pe/lima/restaurantes/la-gran-fruta
Poke For The People,https://www.rappi.com.pe/lima/restaurantes/poke-for-the-people
Caldo de Gallina Aramburú 24 Horas,https://www.rappi.com.pe/lima/restaurantes/caldo-de-gallina-aramburu
Miramar,https://www.rappi.com.pe/lima/restaurantes/miramar
Runa Makis & Wings,https://www.rappi.com.pe/lima/restaurantes/runa-makis-wings
Chifa Sol Grande,https://www.rappi.com.pe/lima/restaurantes/chifa-sol-grande
La Raya Barra Chiclayana,https://www.rappi.com.pe/lima/restaurantes/la-raya-barra-chiclayana
Chifa Buena Fortuna,https://www.rappi.com.pe/lima/restaurantes/chifa-buena-fortuna
Mr. Lee,https://www.rappi.com.pe/lima/restaurantes/mr-lee
Hikari,https://www.rappi.com.pe/lima/restaurantes/hikari
La Preferida,https://www.rappi.com.pe/lima/restaurantes/la-preferida
Mária Almenara - Postres,https://www.rappi.com.pe/lima/restaurantes/maria-almenara-postres
Alzo,https://www.rappi.com.pe/lima/restaurantes/alzo
Costazul Seafood,https://www.rappi.com.pe/lima/restaurantes/costazul-seafood
Sarcletti - Jorge Chávez Miraflores,https://www.rappi.com.pe/lima/restaurantes/sarcletti
Mr Shao,https://www.rappi.com.pe/lima/restaurantes/mr-shao
La Pastana,https://www.rappi.com.pe/lima/restaurantes/la-pastana
Roll-Star Sushi,https://www.rappi.com.pe/lima/restaurantes/roll-star-sushi
Shaka Sushi & Poke,https://www.rappi.com.pe/lima/restaurantes/shaka-sushi-poke
Amankaya,https://www.rappi.com.pe/lima/restaurantes/amankaya
ISUSHI,https://www.rappi.com.pe/lima/restaurantes/isushi
Nación 1821,https://www.rappi.com.pe/lima/restaurantes/nacion-1821
Bucanieri,https://www.rappi.com.pe/lima/restaurantes/bucanieri
Sopitas,https://www.rappi.com.pe/lima/restaurantes/sopitas
Agallas,https://www.rappi.com.pe/lima/restaurantes/agallas-peruanas
Edo Sushi Bar,https://www.rappi.com.pe/lima/restaurantes/edo-sushi-bar
Makoto Sushi Bar & Restaurant,https://www.rappi.com.pe/lima/restaurantes/makoto-sushi-bar-restaurant
Tremendo Burrito,https://www.rappi.com.pe/lima/restaurantes/tremendo-burrito
Linea Fit,https://www.rappi.com.pe/lima/restaurantes/linea-fit
Las Tinajas,https://www.rappi.com.pe/lima/restaurantes/las-tinajas
Veda Restaurante,https://www.rappi.com.pe/lima/restaurantes/veda-restaurante
La Caffetteria Di Lonato,https://www.rappi.com.pe/lima/restaurantes/la-caffetteria-di-lonato
Zimmermann,https://www.rappi.com.pe/lima/restaurantes/zimmermann
Astrid Y Gastón,https://www.rappi.com.pe/lima/restaurantes/astrid-y-gaston
Zully Menú Express,https://www.rappi.com.pe/lima/restaurantes/zully-menu-express
La Cultura,https://www.rappi.com.pe/lima/restaurantes/la-cultura
Little Caesars,https://www.rappi.com.pe/lima/restaurantes/little-caesars
La Dicha,https://www.rappi.com.pe/lima/restaurantes/la-dicha
Carbón Y Punto,https://www.rappi.com.pe/lima/restaurantes/carbon-y-punto
Dolce Capriccio,https://www.rappi.com.pe/lima/restaurantes/dolce-capriccio
Dos Peces,https://www.rappi.com.pe/lima/restaurantes/dos-peces
Pescaypasta,https://www.rappi.com.pe/lima/restaurantes/pescaypasta
Provisiones,https://www.rappi.com.pe/lima/restaurantes/provisiones-by-jaime-pesaque
La Barra Ceviche,https://www.rappi.com.pe/lima/restaurantes/la-barra-ceviche
La Vaca Negra,https://www.rappi.com.pe/lima/restaurantes/la-vaca-negra
Pico y Tapa,https://www.rappi.com.pe/lima/restaurantes/pico-y-tapa
Juicy Lucy - Hamburguesas,https://www.rappi.com.pe/lima/restaurantes/juicy-lucy-hamburguesas
Macchia,https://www.rappi.com.pe/lima/restaurantes/macchia
Sanurya Fast Good - Saludable,https://www.rappi.com.pe/lima/restaurantes/sanurya-fast-good-saludable
Tuk Tuk,https://www.rappi.com.pe/lima/restaurantes/tuk-tuk
La Olla de Mamá Juana,https://www.rappi.com.pe/lima/restaurantes/la-olla-de-mama-juana
Oli Oli - Peruaiian Poké - Poke/Bowls,https://www.rappi.com.pe/lima/restaurantes/oli-oli-peruaiian-poke-pokebowls
Chinolo,https://www.rappi.com.pe/lima/restaurantes/chinolo
Patty Pastelería Artesanal Taller,https://www.rappi.com.pe/lima/restaurantes/patty-pasteleria-artesanal
Trattoria Don Vito,https://www.rappi.com.pe/lima/restaurantes/trattoria-don-vito
Dhaasu - Cocina Delhi,https://www.rappi.com.pe/lima/restaurantes/dhaasu-cocina-delhi
Porcus,https://www.rappi.com.pe/lima/restaurantes/porcus
Sarcletti,https://www.rappi.com.pe/lima/restaurantes/sarcletti
Juan Valdez,https://www.rappi.com.pe/lima/restaurantes/juan-valdez
Dmateus,https://www.rappi.com.pe/lima/restaurantes/dmateus
Haagen Dazs,https://www.rappi.com.pe/lima/restaurantes/haagen-dazs
Croissant y Caffe,https://www.rappi.com.pe/lima/restaurantes/croissant-y-caffe
Shizen Barra Nikkei,https://www.rappi.com.pe/lima/restaurantes/shizen-barra-nikkei
Dánica - Pastas,https://www.rappi.com.pe/lima/restaurantes/danica-pastas
Sushi Pop,https://www.rappi.com.pe/lima/restaurantes/sushi-pop
La Huaca Pucllana,https://www.rappi.com.pe/lima/restaurantes/la-huaca-pucllana
Neapolis l'utentica Pizza,https://www.rappi.com.pe/lima/restaurantes/neapolis-lutentica-pizza
Yume,https://www.rappi.com.pe/lima/restaurantes/yume
Kuo Wha,https://www.rappi.com.pe/lima/restaurantes/kuo-wha
Parque Donofrio,https://www.rappi.com.pe/lima/restaurantes/parque-donofrio
Tortas Lucas,https://www.rappi.com.pe/lima/restaurantes/tortas-lucas
Mishkina,https://www.rappi.com.pe/lima/restaurantes/mishkina
La Nonita,https://www.rappi.com.pe/lima/restaurantes/la-nonita
Otto Grill,https://www.rappi.com.pe/lima/restaurantes/otto-grill
Madam Tusan,https://www.rappi.com.pe/lima/restaurantes/madam-tusan
Heffer - Hamburguesas,https://www.rappi.com.pe/lima/restaurantes/heffer-hamburguesas
Hermanos Brasa,https://www.rappi.com.pe/lima/restaurantes/hermanos-brasa
Masa y Pasta,https://www.rappi.com.pe/lima/restaurantes/masa-y-pasta
La Pollería 1949,https://www.rappi.com.pe/lima/restaurantes/la-polleria-1949
Tusan Wok,https://www.rappi.com.pe/lima/restaurantes/tusan-wok---san-borja
Papa John's,https://www.rappi.com.pe/lima/restaurantes/papa-johns
Chifa Estrella China,https://www.rappi.com.pe/lima/restaurantes/chifa-estrella-china
Broster Bros,https://www.rappi.com.pe/lima/restaurantes/broster-bros
Arlotia,https://www.rappi.com.pe/lima/restaurantes/arlotia
Fiesta Restaurant,https://www.rappi.com.pe/lima/restaurantes/fiesta-restaurant
Maga - Postres,https://www.rappi.com.pe/lima/restaurantes/maga-postres
Chili's,https://www.rappi.com.pe/lima/restaurantes/chilis
La73,https://www.rappi.com.pe/lima/restaurantes/la73
The Cookie Factory,https://www.rappi.com.pe/lima/restaurantes/the-cookie-factory
HonestGreen Ensaladas & Poke,https://www.rappi.com.pe/lima/restaurantes/honestgreen-ensaladas-poke
La Oveja Verde,https://www.rappi.com.pe/lima/restaurantes/la-oveja-verde
Chifa Fu Jou,https://www.rappi.com.pe/lima/restaurantes/chifa-fu-jou
La Picanteria,https://www.rappi.com.pe/lima/restaurantes/la-picanteria
Vekia Pastelería,https://www.rappi.com.pe/lima/restaurantes/vekia-pasteleria
La Patarashkita,https://www.rappi.com.pe/lima/restaurantes/la-patarashkita
Caravana,https://www.rappi.com.pe/lima/restaurantes/caravana
La Principal,https://www.rappi.com.pe/lima/restaurantes/la-principal
Starbucks,https://www.rappi.com.pe/lima/restaurantes/starbucks
Delirium - Helados,https://www.rappi.com.pe/lima/restaurantes/delirium-helados
Ozu,https://www.rappi.com.pe/lima/restaurantes/ozu
Pani,https://www.rappi.com.pe/lima/restaurantes/pani
Sabores Peruanos,https://www.rappi.com.pe/lima/restaurantes/sabores-peruanos
La Postrería,https://www.rappi.com.pe/lima/restaurantes/la-postreria
Olivia Eco Café,https://www.rappi.com.pe/lima/restaurantes/olivia-eco-cafe
La Brownieseria,https://www.rappi.com.pe/lima/restaurantes/la-brownieseria
Pikalo,https://www.rappi.com.pe/lima/restaurantes/pikalo
La Sopería,https://www.rappi.com.pe/lima/restaurantes/la-soperia
Maestro Tzu,https://www.rappi.com.pe/lima/restaurantes/maestro-tzu
Alfresco,https://www.rappi.com.pe/lima/restaurantes/alfresco
La Vikinga Miraflores,https://www.rappi.com.pe/lima/restaurantes/la-vikinga
Tampa Chicken,https://www.rappi.com.pe/lima/restaurantes/tampa-chicken
El Yacuruna,https://www.rappi.com.pe/lima/restaurantes/el-yacuruna
Sushitogo By Fresh And Go,https://www.rappi.com.pe/lima/restaurantes/sushitogo-by-fresh-and-go
Chifa Mundo Vietnam,https://www.rappi.com.pe/lima/restaurantes/chifa-mundo-vietnam
La Cabrera al Paso,https://www.rappi.com.pe/lima/restaurantes/la-cabrera-al-paso
La Plaza Bar & Grill,https://www.rappi.com.pe/lima/restaurantes/la-plaza-bar-grill
El Gran Papita,https://www.rappi.com.pe/lima/restaurantes/el-gran-papita
UMO,https://www.rappi.com.pe/lima/restaurantes/umo
Paklla Pollos a La Brasa,https://www.rappi.com.pe/lima/restaurantes/paklla-pollos-la-brasa
Master Burger,https://www.rappi.com.pe/lima/restaurantes/master-burger
Chinocharapa,https://www.rappi.com.pe/lima/restaurantes/chinocharapa
Johnny Rockets,https://www.rappi.com.pe/lima/restaurantes/johnny-rockets
Familia Restaurante,https://www.rappi.com.pe/lima/restaurantes/familia-restaurante
Tip Top,https://www.rappi.com.pe/lima/restaurantes/tip-top
La Bonbonniere,https://www.rappi.com.pe/lima/restaurantes/la-bonbonniere
Panza,https://www.rappi.com.pe/lima/restaurantes/panza
Kiriko,https://www.rappi.com.pe/lima/restaurantes/kiriko
Chifa Los Dragones,https://www.rappi.com.pe/lima/restaurantes/chifa-los-dragones
La Catrina,https://www.rappi.com.pe/lima/restaurantes/la-catrina
La Tia Mechita - Huarique Chimbotano,https://www.rappi.com.pe/lima/restaurantes/la-tia-mechita-huarique-chimbotano
Aka Sushi,https://www.rappi.com.pe/lima/restaurantes/aka-sushi
Taipawer,https://www.rappi.com.pe/lima/restaurantes/taipawer
Mad Burger - Hamburguesas,https://www.rappi.com.pe/lima/restaurantes/mad-burger-hamburguesas
Mattoni,https://www.rappi.com.pe/lima/restaurantes/mattoni
Popolo Pizza,https://www.rappi.com.pe/lima/restaurantes/popolo-pizza
Amoramar,https://www.rappi.com.pe/lima/restaurantes/amoramar
Roky's,https://www.rappi.com.pe/lima/restaurantes/rokys
Manolo,https://www.rappi.com.pe/lima/restaurantes/manolo
Chifa Chinita,https://www.rappi.com.pe/lima/restaurantes/chifa-chinita
Oxaburger,https://www.rappi.com.pe/lima/restaurantes/oxaburger
El Quinto Pollo,https://www.rappi.com.pe/lima/restaurantes/el-quinto-pollo
Wingman,https://www.rappi.com.pe/lima/restaurantes/wingman
Del Carajo Pollo Peruano,https://www.rappi.com.pe/lima/restaurantes/del-carajo-pollo-peruano
Sul Bingsu Postre Coreano,https://www.rappi.com.pe/lima/restaurantes/sul-bingsu-postre-coreano
Hot,https://www.rappi.com.pe/lima/restaurantes/hot---jockey-plaza
La Camponesa,https://www.rappi.com.pe/lima/restaurantes/la-camponesa
Wua Bao - Asian Street Food,https://www.rappi.com.pe/lima/restaurantes/wua-bao-asian-street-food
Vivaldino Restaurante,https://www.rappi.com.pe/lima/restaurantes/vivaldino-restaurante
Cebichelon,https://www.rappi.com.pe/lima/restaurantes/cebichelon
Mother Fudger,https://www.rappi.com.pe/lima/restaurantes/mother-fudger
Valentín - Pollazo de Barrio,https://www.rappi.com.pe/lima/restaurantes/pollazo
Chaufa Venus,https://www.rappi.com.pe/lima/restaurantes/chaufa-venus
Nalu Poke Bowl,https://www.rappi.com.pe/lima/restaurantes/nalu-poke-bowl
Main Street Pizza,https://www.rappi.com.pe/lima/restaurantes/mainstreet-pizza
Paletas Factory,https://www.rappi.com.pe/lima/restaurantes/paletas-factory
Massamabile - Barra Italiana,https://www.rappi.com.pe/lima/restaurantes/massamabile---barra-italiana
Rincón Chinchano,https://www.rappi.com.pe/lima/restaurantes/rincon-chinchano
Cevichería Nitos,https://www.rappi.com.pe/lima/restaurantes/cevicheria-nitos
Bahía Bordemar,https://www.rappi.com.pe/lima/restaurantes/bahia-bordemar
Chifa Amistad,https://www.rappi.com.pe/lima/restaurantes/chifa-amistad
Heladeria Speciale,https://www.rappi.com.pe/lima/restaurantes/heladeria-speciale
Pizukie,https://www.rappi.com.pe/lima/restaurantes/pizukie
Buon Di Café,https://www.rappi.com.pe/lima/restaurantes/buon-di-cafe
La Plazita,https://www.rappi.com.pe/lima/restaurantes/la-plazita
Piña & Coco,https://www.rappi.com.pe/lima/restaurantes/pina-coco
Al Cilindro de Pipo,https://www.rappi.com.pe/lima/restaurantes/al-cilindro-de-pipo
Milenaria Café,https://www.rappi.com.pe/lima/restaurantes/milenaria-cafe
La Quinta Brava,https://www.rappi.com.pe/lima/restaurantes/la-quinta-brava
Bandra,https://www.rappi.com.pe/lima/restaurantes/bandra
Zacateca - Helados,https://www.rappi.com.pe/lima/restaurantes/zacateca-helados
Monster Tea,https://www.rappi.com.pe/lima/restaurantes/monster-tea
Don Cleto Sanguchería Criolla,https://www.rappi.com.pe/lima/restaurantes/don-cleto-sangucheria-criolla
Tu Chicha Venezolana,https://www.rappi.com.pe/lima/restaurantes/tu-chicha-venezolana
Papi Pollos A La Brasa,https://www.rappi.com.pe/lima/restaurantes/papi-pollos-a-la-brasa
Delirio,https://www.rappi.com.pe/lima/restaurantes/delirio
Futoi Roll Sushi Go,https://www.rappi.com.pe/lima/restaurantes/futoi-roll-sushi
Cevichería Alto Mar,https://www.rappi.com.pe/lima/restaurantes/cevicheria-alto-mar
Probarte,https://www.rappi.com.pe/lima/restaurantes/probarte
Taglio Pizza Al Corte,https://www.rappi.com.pe/lima/restaurantes/taglio-pizza-al-corte
El Rinconcito de Tina,https://www.rappi.com.pe/lima/restaurantes/el-rinconcito-de-tina
D´nnos Pizza,https://www.rappi.com.pe/lima/restaurantes/dnnos-pizza
Shake It!,https://www.rappi.com.pe/lima/restaurantes/shake-it
Cali,https://www.rappi.com.pe/lima/restaurantes/cali
Filomena by Ruta 51,https://www.rappi.com.pe/lima/restaurantes/filomena-by-ruta-51
Pueblo Power,https://www.rappi.com.pe/lima/restaurantes/pueblo-power
Delidú Pastelería,https://www.rappi.com.pe/lima/restaurantes/delidu-pasteleria
BeVida Sana,https://www.rappi.com.pe/lima/restaurantes/bevida-sana
Kio,https://www.rappi.com.pe/lima/restaurantes/kio-la-molina
delicias mariu,https://www.rappi.com.pe/lima/restaurantes/delicias-mariu.
Masai Sushi Bar,https://www.rappi.com.pe/lima/restaurantes/masai-sushi-bar
Alejandra Cendra Pastelería Clásica,https://www.rappi.com.pe/lima/restaurantes/alejandra-cendra-pasteleria-clasica
Glotons,https://www.rappi.com.pe/lima/restaurantes/glotons
D' Sala,https://www.rappi.com.pe/lima/restaurantes/d-sala
Sofa Café,https://www.rappi.com.pe/lima/restaurantes/sofa-cafe
Chiken Turbo,https://www.rappi.com.pe/lima/restaurantes/chiken-turbo
Kazoku Nikkei,https://www.rappi.com.pe/lima/restaurantes/kazoku-nikkei
Jugueria Disfruta,https://www.rappi.com.pe/lima/restaurantes/jugueria-disfruta
Koi Sushibar,https://www.rappi.com.pe/lima/restaurantes/koi-sushibar
Jack's Urban Pizza,https://www.rappi.com.pe/lima/restaurantes/jacks-urban-pizza
Shigau Roll,https://www.rappi.com.pe/lima/restaurantes/shigau-roll
Fit Cream,https://www.rappi.com.pe/lima/restaurantes/fit-cream
Chifa Express - Chifa,https://www.rappi.com.pe/lima/restaurantes/chifa-express-chifa
La Yema del Gusto,https://www.rappi.com.pe/lima/restaurantes/la-yema-del-gusto
El Mexicano,https://www.rappi.com.pe/lima/restaurantes/el-mexicano
La Rosetta,https://www.rappi.com.pe/lima/restaurantes/la-rosetta
Arepa Café,https://www.rappi.com.pe/lima/restaurantes/arepa-cafe
NORI,https://www.rappi.com.pe/lima/restaurantes/nori
BLACK BURGER,https://www.rappi.com.pe/lima/restaurantes/black-burger
Camerino Caffe,https://www.rappi.com.pe/lima/restaurantes/camerino-caffe
La Traviata,https://www.rappi.com.pe/lima/restaurantes/la-traviata
Hijos de Fruta,https://www.rappi.com.pe/lima/restaurantes/hijos-de-fruta
Estación 329 Café,https://www.rappi.com.pe/lima/restaurantes/to-go-329
Café A Bistro Express,https://www.rappi.com.pe/lima/restaurantes/cafe-a-bistro-express
Carnivoro La Hamburgueseria,https://www.rappi.com.pe/lima/restaurantes/carnivoro-la-hamburgueseria
Havanna Café,https://www.rappi.com.pe/lima/restaurantes/havanna-cafe
El Chinito,https://www.rappi.com.pe/lima/restaurantes/el-chinito
Celtics Sports,https://www.rappi.com.pe/lima/restaurantes/celtics-sports
Tortas Duchis Sweets,https://www.rappi.com.pe/lima/restaurantes/tortas-duchis-sweets
Corchos & Brasas,https://www.rappi.com.pe/lima/restaurantes/corchos-&-brasas
Que Waffles,https://www.rappi.com.pe/lima/restaurantes/que-waffles-miraflores
Tamal Tabien,https://www.rappi.com.pe/lima/restaurantes/tamal-tabien
Chicharroneria Rodri,https://www.rappi.com.pe/lima/restaurantes/chicharroneria-rodri
Napoli Artisan Gelato,https://www.rappi.com.pe/lima/restaurantes/napoli-artisan-gelato
Zaika,https://www.rappi.com.pe/lima/restaurantes/zaika
El Bigote Coffee & Waffles,https://www.rappi.com.pe/lima/restaurantes/el-bigote-coffee-waffles
Limapostre,https://www.rappi.com.pe/lima/restaurantes/limapostre
Wrap & Roll By Ruta51,https://www.rappi.com.pe/lima/restaurantes/wrap-roll-by-ruta-51
Shimaya Ramen,https://www.rappi.com.pe/lima/restaurantes/shimaya-ramen
El Parquetito,https://www.rappi.com.pe/lima/restaurantes/el-parquetito
Cloe Pasteleria Fina,https://www.rappi.com.pe/lima/restaurantes/cloe-pasteleria-fina
Gian´z Chicken,https://www.rappi.com.pe/lima/restaurantes/gianz-chicken---restaurant
Morning Happy Mood Cafe,https://www.rappi.com.pe/lima/restaurantes/morning-happy-mood-cafe
Laritza D',https://www.rappi.com.pe/lima/restaurantes/laritza-d
Donde Ursula,https://www.rappi.com.pe/lima/restaurantes/donde-ursula
Massala,https://www.rappi.com.pe/lima/restaurantes/massala
Aima,https://www.rappi.com.pe/lima/restaurantes/aima
S&C Burger Sin Carne,https://www.rappi.com.pe/lima/restaurantes/sc-burger-sin-carne
King Kronuts,https://www.rappi.com.pe/lima/restaurantes/king-kronuts
Las Delicias de Rosita,https://www.rappi.com.pe/lima/restaurantes/las-delicias-de-rosita
Napoli Gelato & Waffles,https://www.rappi.com.pe/lima/restaurantes/napoli-artisan-gelato
Frosty,https://www.rappi.com.pe/lima/restaurantes/frosty
Buen Día by Ruta 51,https://www.rappi.com.pe/lima/restaurantes/buen-dia-by-ruta-51
La Botaneria,https://www.rappi.com.pe/lima/restaurantes/la-botaneria
Mozza Pizza,https://www.rappi.com.pe/lima/restaurantes/mozza-pizza
Nu Caffe,https://www.rappi.com.pe/lima/restaurantes/nu-caffe
La Choza de la Anaconda,https://www.rappi.com.pe/lima/restaurantes/la-choza-de-la-anaconda
Oishii Sushi,https://www.rappi.com.pe/lima/restaurantes/oishii-sushi
Entre Brother's,https://www.rappi.com.pe/lima/restaurantes/entre-brothers
Amaretto,https://www.rappi.com.pe/lima/restaurantes/amaretto
Oxa burger Barranco,https://www.rappi.com.pe/lima/restaurantes/oxa-burger-barranco
Antonia Barra y Cafe,https://www.rappi.com.pe/lima/restaurantes/antonia-barra-y-cafe
Il Pastificio,https://www.rappi.com.pe/lima/restaurantes/il-pastificio
Kali Poke Bowl,https://www.rappi.com.pe/lima/restaurantes/kali-poke-bowl
La Casa Del Alfajor,https://www.rappi.com.pe/lima/restaurantes/la-casa-del-alfajor
El Sindicato,https://www.rappi.com.pe/lima/restaurantes/el-sindicato
K’illinsa,https://www.rappi.com.pe/lima/restaurantes/killinsa
Pappas,https://www.rappi.com.pe/lima/restaurantes/pappas
Pache Dios del Café,https://www.rappi.com.pe/lima/restaurantes/pache-dios-del-cafe
Pastelo,https://www.rappi.com.pe/lima/restaurantes/pastelo
Don Bajadón - Sanguchería,https://www.rappi.com.pe/lima/restaurantes/don-bajadon-sangucheria
La Panka,https://www.rappi.com.pe/lima/restaurantes/la-panka
Vive la Crepe,https://www.rappi.com.pe/lima/restaurantes/vive-la-crepe
Huevon,https://www.rappi.com.pe/lima/restaurantes/huevon
Street Burger,https://www.rappi.com.pe/lima/restaurantes/street-burger
Ache,https://www.rappi.com.pe/lima/restaurantes/ache
El Fileton,https://www.rappi.com.pe/lima/restaurantes/el-fileton
Green Bowls,https://www.rappi.com.pe/lima/restaurantes/green-bowls
La Tostadora,https://www.rappi.com.pe/lima/restaurantes/la-tostadora
Crem dela Crem,https://www.rappi.com.pe/lima/restaurantes/crem-dela-crem
Salchichería Dehuacho,https://www.rappi.com.pe/lima/restaurantes/salchicheria-dehuacho
Tika Antojos,https://www.rappi.com.pe/lima/restaurantes/tika-antojos
Palettas,https://www.rappi.com.pe/lima/restaurantes/palettas
Beso Francés,https://www.rappi.com.pe/lima/restaurantes/beso-frances
Nocturnos.pe,https://www.rappi.com.pe/lima/restaurantes/nocturnospe
1ra Respuesta Resto Bar,https://www.rappi.com.pe/lima/restaurantes/1ra-respuesta-resto-bar
Refilo - Sanguchería,https://www.rappi.com.pe/lima/restaurantes/refilo-sangucheria
Homemade,https://www.rappi.com.pe/lima/restaurantes/homemade
Punto Marisko,https://www.rappi.com.pe/lima/restaurantes/punto-marisko
Trattoria Mamma Lola,https://www.rappi.com.pe/lima/restaurantes/trattoria-mamma-lola
Comixs Foods & Drinks,https://www.rappi.com.pe/lima/restaurantes/comixs-foods-drinks
Nocturnos Japon,https://www.rappi.com.pe/lima/restaurantes/nocturnos-japon
Arawi,https://www.rappi.com.pe/lima/restaurantes/arawi
Chifa Angamos,https://www.rappi.com.pe/lima/restaurantes/chifa-angamos
Rock and Pez,https://www.rappi.com.pe/lima/restaurantes/rock-and-pez
La Panateria,https://www.rappi.com.pe/lima/restaurantes/la-panateria
Mr. Burmet,https://www.rappi.com.pe/lima/restaurantes/mr.-burmet
Las Delicias Cake's,https://www.rappi.com.pe/lima/restaurantes/las-delicias-cakes
J.J. Sandwich,https://www.rappi.com.pe/lima/restaurantes/jj-sandwich
Italus Pizza e Pasta,https://www.rappi.com.pe/lima/restaurantes/italus-pizza-e-pasta
Jimmy's,https://www.rappi.com.pe/lima/restaurantes/jimmys
La Rosa Náutica,https://www.rappi.com.pe/lima/restaurantes/la-rosa-nautica
El Tanque Street Food,https://www.rappi.com.pe/lima/restaurantes/el-tanque-street-food
Pizzabella,https://www.rappi.com.pe/lima/restaurantes/pizzabella
Chicharrones El Wontón,https://www.rappi.com.pe/lima/restaurantes/chicharrones-el-wonton
La Grossa,https://www.rappi.com.pe/lima/restaurantes/la-grossa
El Divan Restaurant,https://www.rappi.com.pe/lima/restaurantes/el-divan-restaurant
Wings and Pork,https://www.rappi.com.pe/lima/restaurantes/wings-and-pork
D´isa Gourmet,https://www.rappi.com.pe/lima/restaurantes/disa-gourmet
Pizza de La Niña,https://www.rappi.com.pe/lima/restaurantes/pizza-de-la-nina
Buono,https://www.rappi.com.pe/lima/restaurantes/buono
Xpizza.pe,https://www.rappi.com.pe/lima/restaurantes/xpizzape
Fast Chicken,https://www.rappi.com.pe/lima/restaurantes/fast-chicken
Burrito Revolution,https://www.rappi.com.pe/lima/restaurantes/burrito-revolution
La 22 Sanguchería,https://www.rappi.com.pe/lima/restaurantes/la-22-sangucheria
Marea Limeña,https://www.rappi.com.pe/lima/restaurantes/marea-limena
Onoloa Poke Bowl - Poke/Bowls,https://www.rappi.com.pe/lima/restaurantes/onoloa-poke-bowl-pokebowls
Sawa Café,https://www.rappi.com.pe/lima/restaurantes/sawa-cafe
KFC,https://www.rappi.com.pe/lima/restaurantes/kfc
Don Enluzke,https://www.rappi.com.pe/lima/restaurantes/don-enluzke
Selva Fusion,https://www.rappi.com.pe/lima/restaurantes/selva-fusion
Bon Crepe- Bubble Waffle,https://www.rappi.com.pe/lima/restaurantes/bon-crepe-bubble-waffle
Dulces Momentos Por Cece,https://www.rappi.com.pe/lima/restaurantes/dulces-momentos-por-cece
Calle Lhambre,https://www.rappi.com.pe/lima/restaurantes/calle-lhambre
El Ricky Pollos a La Brasa,https://www.rappi.com.pe/lima/restaurantes/el-ricky-pollos-a-la-brasa
QUQU Sanguchería,https://www.rappi.com.pe/lima/restaurantes/ququ-sangucheria
Amorella,https://www.rappi.com.pe/lima/restaurantes/amorella
Los Pollitos Dicen,https://www.rappi.com.pe/lima/restaurantes/los-pollitos-dicen
Dunkin' Donuts,https://www.rappi.com.pe/lima/restaurantes/dunkin-donuts
La Piccolina,https://www.rappi.com.pe/lima/restaurantes/la-piccolina
Ynn Coffee,https://www.rappi.com.pe/lima/restaurantes/ynn-coffee
Qchurros,https://www.rappi.com.pe/lima/restaurantes/qchurros
La Capital Del Arroz,https://www.rappi.com.pe/lima/restaurantes/la-capital-del-arroz
Chakupe Gran Despensa Moche,https://www.rappi.com.pe/lima/restaurantes/chakupe-gran-despensa-moche
Shawarma al Karam,https://www.rappi.com.pe/lima/restaurantes/shawarma-al-karam
La Cuadra de Salvador,https://www.rappi.com.pe/lima/restaurantes/la-cuadra-de-salvador
H x La Cuadra de Salvador,https://www.rappi.com.pe/lima/restaurantes/h-x-la-cuadra-de-salvador
delicias peruanas,https://www.rappi.com.pe/lima/restaurantes/delicias-peruanas
Don Belisario,https://www.rappi.com.pe/lima/restaurantes/don-belisario
Meme´s Burger,https://www.rappi.com.pe/lima/restaurantes/memes-burger
La Salchipapería,https://www.rappi.com.pe/lima/restaurantes/la-salchipaperia
Nuestra Patria Go,https://www.rappi.com.pe/lima/restaurantes/nuestra-patria-go
Julieta Food-Truck,https://www.rappi.com.pe/lima/restaurantes/julieta-food-truck
La Chinganita Trattoriana 2.9 Rc,https://www.rappi.com.pe/lima/restaurantes/la-chinganita
La Bajona Surquillo,https://www.rappi.com.pe/lima/restaurantes/la-bajona
Osteria Symposium,https://www.rappi.com.pe/lima/restaurantes/osteria-symposium
I Scream for Ice Cream,https://www.rappi.com.pe/lima/restaurantes/i-scream-for-ice-cream
AlTavolo,https://www.rappi.com.pe/lima/restaurantes/altavolo
El Platon,https://www.rappi.com.pe/lima/restaurantes/el-platon
Lúpulo Draft Bar,https://www.rappi.com.pe/lima/restaurantes/lupulo-draft-bar
La América Barra Saludable,https://www.rappi.com.pe/lima/restaurantes/la-america-barra-saludable
No Te Rajes,https://www.rappi.com.pe/lima/restaurantes/no-te-rajes
La Poma Rosa,https://www.rappi.com.pe/lima/restaurantes/la-poma-rosa
Morelia,https://www.rappi.com.pe/lima/restaurantes/morelia
La Brava Anticuchería,https://www.rappi.com.pe/lima/restaurantes/la-brava-anticucheria
La Bajona Miraflores,https://www.rappi.com.pe/lima/restaurantes/la-bajona
El Tomate Loco Pizza,https://www.rappi.com.pe/lima/restaurantes/el-tomate-loco-pizza
Criollitos,https://www.rappi.com.pe/lima/restaurantes/criollitos
La Bajada de Alejo,https://www.rappi.com.pe/lima/restaurantes/la-bajada-de-alejo
Ragazzi Pizza Artesanal,https://www.rappi.com.pe/lima/restaurantes/ragazzi-pizza-artesanal
Panchos,https://www.rappi.com.pe/lima/restaurantes/panchos
Macata's Pizza,https://www.rappi.com.pe/lima/restaurantes/macatas-pizza
King of Cookies Perú,https://www.rappi.com.pe/lima/restaurantes/king-of-cookies-peru
MANGIA,https://www.rappi.com.pe/lima/restaurantes/mangia
chicken time,https://www.rappi.com.pe/lima/restaurantes/chicken-time
La Picza,https://www.rappi.com.pe/lima/restaurantes/la-picza
Sucré et Salé,https://www.rappi.com.pe/lima/restaurantes/sucre-et-sale
El Noctámbulo,https://www.rappi.com.pe/lima/restaurantes/el-noctambulo
panchitos gourmet,https://www.rappi.com.pe/lima/restaurantes/panchitos-gourmet
Haute,https://www.rappi.com.pe/lima/restaurantes/haute
The Wing Point I,https://www.rappi.com.pe/lima/restaurantes/the-wing-point-i
Quisso,https://www.rappi.com.pe/lima/restaurantes/quisso
Hibashi,https://www.rappi.com.pe/lima/restaurantes/hibashi-japanese-food
Salchi Burger,https://www.rappi.com.pe/lima/restaurantes/salchi-burger
Steelbeard,https://www.rappi.com.pe/lima/restaurantes/steelbeard
Nando's Grill,https://www.rappi.com.pe/lima/restaurantes/nandos-grill
Mister Cono,https://www.rappi.com.pe/lima/restaurantes/mister-cono
Maui Bowls,https://www.rappi.com.pe/lima/restaurantes/maui-bowls
Esquinazo,https://www.rappi.com.pe/lima/restaurantes/esquinazo
Cenzano Pastelería,https://www.rappi.com.pe/lima/restaurantes/cenzano-pasteleria
Harvey,https://www.rappi.com.pe/lima/restaurantes/harveys
Happy Churros,https://www.rappi.com.pe/lima/restaurantes/happy-churros
Tekeñon,https://www.rappi.com.pe/lima/restaurantes/tekenon
Wing Factory,https://www.rappi.com.pe/lima/restaurantes/wing-factory---patio-panorama
La Santa Pizza,https://www.rappi.com.pe/lima/restaurantes/la-santa-pizza
El Parrillita Express,https://www.rappi.com.pe/lima/restaurantes/el-parrillita-express
simplemente peru,https://www.rappi.com.pe/lima/restaurantes/simplemente-peru
Mix Food,https://www.rappi.com.pe/lima/restaurantes/mix-food
La Palta,https://www.rappi.com.pe/lima/restaurantes/la-palta
Don Oso Good Truck,https://www.rappi.com.pe/lima/restaurantes/don-oso-good-truck
Mr. Macho,https://www.rappi.com.pe/lima/restaurantes/mr-macho
Pizzaza,https://www.rappi.com.pe/lima/restaurantes/pizzaza
Shawarmas Imperio,https://www.rappi.com.pe/lima/restaurantes/shawarmas-imperio
Los Ávila,https://www.rappi.com.pe/lima/restaurantes/los-avila
Canelina,https://www.rappi.com.pe/lima/restaurantes/canelina
Salsabor Chicken,https://www.rappi.com.pe/lima/restaurantes/salsabor-chicken
Pan Sal Aire,https://www.rappi.com.pe/lima/restaurantes/pan-sal-aire
Chepetos,https://www.rappi.com.pe/lima/restaurantes/chepetos
Mamma Tomato,https://www.rappi.com.pe/lima/restaurantes/mamma-tomato
Barbarian,https://www.rappi.com.pe/lima/restaurantes/barbarian
Pizza con P,https://www.rappi.com.pe/lima/restaurantes/pizza-con-p
Los Dulces de Mildred,https://www.rappi.com.pe/lima/restaurantes/los-dulces-de-mildred
