Pardos Chicken,https://www.rappi.com.pe/piura/restaurantes/pardos-chicken
La Bocca,https://www.rappi.com.pe/piura/restaurantes/la-bocca
Chifa Hermanos,https://www.rappi.com.pe/piura/restaurantes/chifa-hermanos
Gourmand,https://www.rappi.com.pe/piura/restaurantes/gourmand
Papa John's,https://www.rappi.com.pe/piura/restaurantes/papa-johns
Chili's,https://www.rappi.com.pe/piura/restaurantes/chilis
La Barra del Chino,https://www.rappi.com.pe/piura/restaurantes/la-barra-del-chino
Bembos,https://www.rappi.com.pe/piura/restaurantes/bembos
Entrale Pez,https://www.rappi.com.pe/piura/restaurantes/entrale-pez
Somosushi Delivery & Catering,https://www.rappi.com.pe/piura/restaurantes/somosushi-delivery-catering
Chinawok,https://www.rappi.com.pe/piura/restaurantes/chinawok
Bahía Blanca,https://www.rappi.com.pe/piura/restaurantes/bahia-blanca
Challgua Barra Marina - Sushi,https://www.rappi.com.pe/piura/restaurantes/challgua-barra-marina-sushi
Don Lucho restaurante,https://www.rappi.com.pe/piura/restaurantes/don-lucho-restaurante
Chifa Taika,https://www.rappi.com.pe/piura/restaurantes/chifa-taika
La Habana,https://www.rappi.com.pe/piura/restaurantes/la-habana
D'Pauli,https://www.rappi.com.pe/piura/restaurantes/dpauli
Bottega Capuccino,https://www.rappi.com.pe/piura/restaurantes/bottega-capuccino
Otto Grill,https://www.rappi.com.pe/piura/restaurantes/otto-grill
Furulo´s,https://www.rappi.com.pe/piura/restaurantes/furulos
KFC,https://www.rappi.com.pe/piura/restaurantes/kfc
Makis & Wings,https://www.rappi.com.pe/piura/restaurantes/makis-wings
Hong Kong,https://www.rappi.com.pe/piura/restaurantes/hong-kong
La Choza de la Anaconda,https://www.rappi.com.pe/piura/restaurantes/la-choza-de-la-anaconda
Chimichanga Snack,https://www.rappi.com.pe/piura/restaurantes/chimichanga-snack
Starbucks,https://www.rappi.com.pe/piura/restaurantes/starbucks
D'Casa,https://www.rappi.com.pe/piura/restaurantes/dcasa
Roky's,https://www.rappi.com.pe/piura/restaurantes/rokys
Sarcletti,https://www.rappi.com.pe/piura/restaurantes/sarcletti
Pizza Don Lucas,https://www.rappi.com.pe/piura/restaurantes/pizza-don-lucas
Cevichería Nitos,https://www.rappi.com.pe/piura/restaurantes/cevicheria-nitos
Matheo´s,https://www.rappi.com.pe/piura/restaurantes/matheos
Chicken Box Express,https://www.rappi.com.pe/piura/restaurantes/chicken-box-express
Chicharronería D'Roman,https://www.rappi.com.pe/piura/restaurantes/chicharroneria-droman
Mr. Paleta,https://www.rappi.com.pe/piura/restaurantes/mr-paleta
Gelarti - Helado Gourmet,https://www.rappi.com.pe/piura/restaurantes/gelarti-helado-gourmet
D´Román Pollos y Parrillas,https://www.rappi.com.pe/piura/restaurantes/droman-pollos-y-parrillas
Burger House,https://www.rappi.com.pe/piura/restaurantes/burger-house
El Papeo,https://www.rappi.com.pe/piura/restaurantes/el-papeo
Madame Crepe,https://www.rappi.com.pe/piura/restaurantes/madame-crepe
Palettas,https://www.rappi.com.pe/piura/restaurantes/palettas
Anto Antojitos,https://www.rappi.com.pe/piura/restaurantes/anto-antojitos
Cafeti,https://www.rappi.com.pe/piura/restaurantes/cafeti
Orange Fast Food & Juice,https://www.rappi.com.pe/piura/restaurantes/orange-fast-food-juice
Rocket's Burgers,https://www.rappi.com.pe/piura/restaurantes/rockets-burgers
Mega Café,https://www.rappi.com.pe/piura/restaurantes/mega-cafe
Rutta Travel Break,https://www.rappi.com.pe/piura/restaurantes/rutta-travel-break
La Sanguchería,https://www.rappi.com.pe/piura/restaurantes/la-sangucheria
Sanguchón Piura,https://www.rappi.com.pe/piura/restaurantes/sanguchon-piura
Happy Taste Crepes & Rolls,https://www.rappi.com.pe/piura/restaurantes/happy-taste-crepes-rolls
Don Carlos,https://www.rappi.com.pe/piura/restaurantes/don-carlos
Gordelo Grills,https://www.rappi.com.pe/piura/restaurantes/gordelo-grills
Almuerzo Casero,https://www.rappi.com.pe/piura/restaurantes/almuerzo-casero
Don Santi,https://www.rappi.com.pe/piura/restaurantes/don-santi
Polleria Don Carlos,https://www.rappi.com.pe/piura/restaurantes/don-carlos
Hiroshi Fusión,https://www.rappi.com.pe/piura/restaurantes/hiroshi-fusion-maranon
Olympus Burger,https://www.rappi.com.pe/piura/restaurantes/hamburgueseria-olympus-burgers
Maky Jay's Cafe,https://www.rappi.com.pe/piura/restaurantes/maky-jays-cafe
Mr. Pikked,https://www.rappi.com.pe/piura/restaurantes/mr-pikked
LaBraza,https://www.rappi.com.pe/piura/restaurantes/labraza
Pizzería Pepe's,https://www.rappi.com.pe/piura/restaurantes/pizzeria-pepes
Barra Santa,https://www.rappi.com.pe/piura/restaurantes/barra-santa
Ba-K Ahumada,https://www.rappi.com.pe/piura/restaurantes/ba-k-ahumada
Menfis,https://www.rappi.com.pe/piura/restaurantes/menfis
Mr. Fried,https://www.rappi.com.pe/piura/restaurantes/mr-fried
Mr. Papas,https://www.rappi.com.pe/piura/restaurantes/mr-papas
Sanguchazo,https://www.rappi.com.pe/piura/restaurantes/sanguchazo
Bohemia Burger Grill,https://www.rappi.com.pe/piura/restaurantes/bohemia-burger-grill
Shawarma D´Giofart,https://www.rappi.com.pe/piura/restaurantes/shawarma-dgiofart
Roll n Bowl,https://www.rappi.com.pe/piura/restaurantes/roll-n-bowl
Al Karbon Hamburguesería,https://www.rappi.com.pe/piura/restaurantes/al-karbon-hamburgueseria
Taco Loco,https://www.rappi.com.pe/piura/restaurantes/taco-loco
Seven Wings,https://www.rappi.com.pe/piura/restaurantes/seven-wings
El Bajón,https://www.rappi.com.pe/piura/restaurantes/el-bajon
La Romana,https://www.rappi.com.pe/piura/restaurantes/la-romana
Trattoria Roma,https://www.rappi.com.pe/piura/restaurantes/trattoria-roma
Carbón Burger,https://www.rappi.com.pe/piura/restaurantes/carbon-burger
Bubba Boom Snacks,https://www.rappi.com.pe/piura/restaurantes/bubba-boom-snacks
La Waka,https://www.rappi.com.pe/piura/restaurantes/la-waka
La Boutique De Las Carnes,https://www.rappi.com.pe/piura/restaurantes/la-boutique-de-las-carnes
