Chifa Tay Panda,https://www.rappi.com.pe/trujillo/restaurantes/chifa-tay-panda
Chifa Han Muy,https://www.rappi.com.pe/trujillo/restaurantes/chifa-han-muy
Vital Foods,https://www.rappi.com.pe/trujillo/restaurantes/vital-foods
Restaurante Palermo´s,https://www.rappi.com.pe/trujillo/restaurantes/restaurante-palermos
Cebicheria San Gregorio,https://www.rappi.com.pe/trujillo/restaurantes/cebicheria-san-gregorio
Pollos Bolivar,https://www.rappi.com.pe/trujillo/restaurantes/pollos-bolivar
Popeyes,https://www.rappi.com.pe/trujillo/restaurantes/popeyes
Chinawok,https://www.rappi.com.pe/trujillo/restaurantes/chinawok
Papa John's,https://www.rappi.com.pe/trujillo/restaurantes/papa-johns
Mi Patio de Comidas,https://www.rappi.com.pe/trujillo/restaurantes/mi-patio-de-comidas
El Rincón de Vallejo,https://www.rappi.com.pe/trujillo/restaurantes/el-rincon-de-vallejo
Pollo McCrispy,https://www.rappi.com.pe/trujillo/restaurantes/pollo-mccrispy
McDonald's,https://www.rappi.com.pe/trujillo/restaurantes/mcdonalds
Bembos,https://www.rappi.com.pe/trujillo/restaurantes/bembos
Pardos Chicken,https://www.rappi.com.pe/trujillo/restaurantes/pardos-chicken
La Pollería Express,https://www.rappi.com.pe/trujillo/restaurantes/la-polleria-express
Marynera,https://www.rappi.com.pe/trujillo/restaurantes/marynera
La Yapita,https://www.rappi.com.pe/trujillo/restaurantes/la-yapita
Dunkin' Donuts,https://www.rappi.com.pe/trujillo/restaurantes/dunkin-donuts
D'lucca Grill,https://www.rappi.com.pe/trujillo/restaurantes/dlucca-grill
Chicha Marina,https://www.rappi.com.pe/trujillo/restaurantes/chicha-marina
Starbucks,https://www.rappi.com.pe/trujillo/restaurantes/starbucks
La Casera Sanguchería,https://www.rappi.com.pe/trujillo/restaurantes/la-casera-sangucheria
Picazo,https://www.rappi.com.pe/trujillo/restaurantes/picazo
Hong Kong,https://www.rappi.com.pe/trujillo/restaurantes/hong-kong
Cevichería Puerto Mori,https://www.rappi.com.pe/trujillo/restaurantes/cevicheria-puerto-mori
Yong Xing,https://www.rappi.com.pe/trujillo/restaurantes/yong-xing
Mr Charapito,https://www.rappi.com.pe/trujillo/restaurantes/mr-charapito
Demarco,https://www.rappi.com.pe/trujillo/restaurantes/demarco
Dr.Concha,https://www.rappi.com.pe/trujillo/restaurantes/drconcha
Go Fresh Healthy,https://www.rappi.com.pe/trujillo/restaurantes/go-fresh-healthy
Restaurante Palermo´s Express,https://www.rappi.com.pe/trujillo/restaurantes/restaurante-palermos-express
El Cebichín,https://www.rappi.com.pe/trujillo/restaurantes/el-cebichin
Pollos Bolivar Del Centro,https://www.rappi.com.pe/trujillo/restaurantes/pollos-bolivar-del-centro
Otto Grill,https://www.rappi.com.pe/trujillo/restaurantes/otto-grill
Go Foods,https://www.rappi.com.pe/trujillo/restaurantes/go-foods
La Cocinita Verde,https://www.rappi.com.pe/trujillo/restaurantes/la-cocinita-verde
Planet Chicken,https://www.rappi.com.pe/trujillo/restaurantes/planet-chicken
Cevichería Restaurante El Faro,https://www.rappi.com.pe/trujillo/restaurantes/cevicheria-restaurante-el-faro
Big Ben,https://www.rappi.com.pe/trujillo/restaurantes/big-ben
Roky's,https://www.rappi.com.pe/trujillo/restaurantes/rokys
PUNTO FIT,https://www.rappi.com.pe/trujillo/restaurantes/punto-fit
Al Poke,https://www.rappi.com.pe/trujillo/restaurantes/al-poke
Delicias Del Norte,https://www.rappi.com.pe/trujillo/restaurantes/delicias-del-norte
Blanqui,https://www.rappi.com.pe/trujillo/restaurantes/blanqui
Sal & Pimienta,https://www.rappi.com.pe/trujillo/restaurantes/sal-pimienta
Chm Makis,https://www.rappi.com.pe/trujillo/restaurantes/chm-makis
Chifa Estilo Chino,https://www.rappi.com.pe/trujillo/restaurantes/chifa-estilo-chino
Patria,https://www.rappi.com.pe/trujillo/restaurantes/patria
Gelarti - Helado Gourmet,https://www.rappi.com.pe/trujillo/restaurantes/gelarti-helado-gourmet
El Rincón del Che,https://www.rappi.com.pe/trujillo/restaurantes/el-rincon-del-che
Don Pacho Sánguches y Horneados,https://www.rappi.com.pe/trujillo/restaurantes/don-pacho-sanguches-y-horneados
Bombolato Gelato & Caffe,https://www.rappi.com.pe/trujillo/restaurantes/bombolato-gelato-&-caffe
Burger King,https://www.rappi.com.pe/trujillo/restaurantes/burger-king
Natural Bowls,https://www.rappi.com.pe/trujillo/restaurantes/natural-bowls
Asu Mare,https://www.rappi.com.pe/trujillo/restaurantes/asu-mare
Chuck E. Cheese's,https://www.rappi.com.pe/trujillo/restaurantes/chuck-e-cheeses
Aldodiego & Co,https://www.rappi.com.pe/trujillo/restaurantes/aldodiego-co
My Jar,https://www.rappi.com.pe/trujillo/restaurantes/my-jar
El Tostado Café,https://www.rappi.com.pe/trujillo/restaurantes/el-tostado-cafe
El Limón y Su Causa,https://www.rappi.com.pe/trujillo/restaurantes/el-limon-y-su-causa
San Francisco Salón de Té y Restaurante,https://www.rappi.com.pe/trujillo/restaurantes/san-francisco-salon-de-te-y-restaurante
Jugueria Cosecha Market,https://www.rappi.com.pe/trujillo/restaurantes/jugueria-cosecha-market
Alejandra Tafur Catering,https://www.rappi.com.pe/trujillo/restaurantes/alejandra-tafur-catering
Los Tumbos,https://www.rappi.com.pe/trujillo/restaurantes/restaurante-los-tumbos
El Olivar,https://www.rappi.com.pe/trujillo/restaurantes/el-olivar
Juan Valdez,https://www.rappi.com.pe/trujillo/restaurantes/juan-valdez
La Bendita Cocina,https://www.rappi.com.pe/trujillo/restaurantes/la-bendita-cocina
Zucarella,https://www.rappi.com.pe/trujillo/restaurantes/zucarella
Ala Kadabra,https://www.rappi.com.pe/trujillo/restaurantes/ala-kadabra
Marialé,https://www.rappi.com.pe/trujillo/restaurantes/mariale
Coco Crepe,https://www.rappi.com.pe/trujillo/restaurantes/coco-crepe
Cafe Restaurante Las Rejas,https://www.rappi.com.pe/trujillo/restaurantes/cafe-restaurante-las-rejas
Ruah Polleria,https://www.rappi.com.pe/trujillo/restaurantes/ruah-polleria
Casa Quimuk Cocina Criolla,https://www.rappi.com.pe/trujillo/restaurantes/casa-quimuk-cocina-criolla
Sanguchería El Artesano,https://www.rappi.com.pe/trujillo/restaurantes/sangucheria-el-artesano
Crementina,https://www.rappi.com.pe/trujillo/restaurantes/crementina
Koa Bowls,https://www.rappi.com.pe/trujillo/restaurantes/koa-bowls
El Mero Cevicheria,https://www.rappi.com.pe/trujillo/restaurantes/cevicheria-el-mero-trujillo
Huancha,https://www.rappi.com.pe/trujillo/restaurantes/huancha
El Búho Sanguchería,https://www.rappi.com.pe/trujillo/restaurantes/el-buho-sangucheria
El Carrito 100% Carne,https://www.rappi.com.pe/trujillo/restaurantes/el-carrito-100-carne
Mamá Mía Sandwiches,https://www.rappi.com.pe/trujillo/restaurantes/mama-mia-sandwiches
Fonzi Cafeteria & Restaurant,https://www.rappi.com.pe/trujillo/restaurantes/fonzi-cafeteria-restaurant
Olho Pasteleria,https://www.rappi.com.pe/trujillo/restaurantes/olho-pasteleria
Cevicheria Ya Pez,https://www.rappi.com.pe/trujillo/restaurantes/cevicheria-ya-pez
Crepería Amélie,https://www.rappi.com.pe/trujillo/restaurantes/amelie-dulceria
TrujiFries,https://www.rappi.com.pe/trujillo/restaurantes/trujifries
MammaPizza,https://www.rappi.com.pe/trujillo/restaurantes/mammapizza
Panca Y Maíz,https://www.rappi.com.pe/trujillo/restaurantes/panca-maiz
fogos,https://www.rappi.com.pe/trujillo/restaurantes/fogos
Mr. Rondo,https://www.rappi.com.pe/trujillo/restaurantes/mr.-rondo-husares-de-primavera
Habemus Papas,https://www.rappi.com.pe/trujillo/restaurantes/habemus-papas
Libeertad Draft And Food,https://www.rappi.com.pe/trujillo/restaurantes/libeertad-draft-and-food
Tijuana Street Food,https://www.rappi.com.pe/trujillo/restaurantes/tijuana-street-food
El Barrilito Express,https://www.rappi.com.pe/trujillo/restaurantes/el-barrilito-express
Mr. Doggo Express,https://www.rappi.com.pe/trujillo/restaurantes/mr-doggo-express
Pizzeria IL Valentino Express,https://www.rappi.com.pe/trujillo/restaurantes/pizzeria-il-valentino-express
Pizzeria IL Valentino,https://www.rappi.com.pe/trujillo/restaurantes/pizzeria-il-valentino
El Burgués,https://www.rappi.com.pe/trujillo/restaurantes/el-burgues
Antojitos Mexicanos La Botana,https://www.rappi.com.pe/trujillo/restaurantes/antojitos-mexicanos-la-botana
Planeta Patata,https://www.rappi.com.pe/trujillo/restaurantes/planeta-patata
Contigo Perú,https://www.rappi.com.pe/trujillo/restaurantes/contigo-peru
La Crepería,https://www.rappi.com.pe/trujillo/restaurantes/la-creperia
D'Tradición Salón de Té,https://www.rappi.com.pe/trujillo/restaurantes/dtradicion-salon-de-te
Kito Fabrica Culinaria,https://www.rappi.com.pe/trujillo/restaurantes/kito-fabrica-culinaria
Alcapone,https://www.rappi.com.pe/trujillo/restaurantes/alcapone
Brunito Pizzas Restaurant,https://www.rappi.com.pe/trujillo/restaurantes/brunito-pizzas-restaurant
La Braseria,https://www.rappi.com.pe/trujillo/restaurantes/la-braseria
Super Papa,https://www.rappi.com.pe/trujillo/restaurantes/super-papa
Real Chicken,https://www.rappi.com.pe/trujillo/restaurantes/real-chicken
Mister Burger,https://www.rappi.com.pe/trujillo/restaurantes/mister-burger
Marini´s,https://www.rappi.com.pe/trujillo/restaurantes/marinis
Garage Grill & Cilindro,https://www.rappi.com.pe/trujillo/restaurantes/garage-grill-cilindro
La Sazón De Fabiola,https://www.rappi.com.pe/trujillo/restaurantes/la-sazon-de-fabiola
Crib Lounge Pizzería,https://www.rappi.com.pe/trujillo/restaurantes/crib-lounge-pizzeria
Santana Parrillas & Cafetería,https://www.rappi.com.pe/trujillo/restaurantes/santana-parrillas-cafeteria
Pastelería 2L,https://www.rappi.com.pe/trujillo/restaurantes/pasteleria-2l
Salchibravas,https://www.rappi.com.pe/trujillo/restaurantes/salchibravas
La Estampida,https://www.rappi.com.pe/trujillo/restaurantes/la-estampida
