McDonald's,https://www.rappi.com.pe/arequipa/restaurantes/mcdonalds
Fridays,https://www.rappi.com.pe/arequipa/restaurantes/fridays
Chinawok,https://www.rappi.com.pe/arequipa/restaurantes
Capriccio,https://www.rappi.com.pe/arequipa/restaurantes/capriccio
El Tablón,https://www.rappi.com.pe/arequipa/restaurantes/el-tablon
Ekeko,https://www.rappi.com.pe/arequipa/restaurantes/ekeko
Bembos,https://www.rappi.com.pe/arequipa/restaurantes/bembos
Popeyes,https://www.rappi.com.pe/arequipa/restaurantes/popeyes
AKI TOY,https://www.rappi.com.pe/arequipa/restaurantes/aki-toy
Tocctos Chicharroneria y Sangucheria,https://www.rappi.com.pe/arequipa/restaurantes/tocctos-chicharroneria-y-sangucheria
Pollo McCrispy,https://www.rappi.com.pe/arequipa/restaurantes/pollo-mccrispy
Kings Broster,https://www.rappi.com.pe/arequipa/restaurantes/kings-broster
Pollería El Marqués,https://www.rappi.com.pe/arequipa/restaurantes/polleria-el-marques
Sushi Pop,https://www.rappi.com.pe/arequipa/restaurantes/sushi-pop
Chifa Mandarin,https://www.rappi.com.pe/arequipa/restaurantes/chifa-mandarin
Sama Healthy Express - Saludable,https://www.rappi.com.pe/arequipa/restaurantes/sama-healthy-express-saludable
Papa John's,https://www.rappi.com.pe/arequipa/restaurantes/papa-johns
Munanqui,https://www.rappi.com.pe/arequipa/restaurantes/munanqui
El Industrial Sanguchería,https://www.rappi.com.pe/arequipa/restaurantes/el-industrial-sangucheria
Chifa Kaiken,https://www.rappi.com.pe/arequipa/restaurantes/chifa-kaiken
Puerto 92,https://www.rappi.com.pe/arequipa/restaurantes/puerto-92
Gran Carbón-Chicken & Grill,https://www.rappi.com.pe/arequipa/restaurantes/gran-carbon-chicken-grill
Toro Loco Bar & Grill,https://www.rappi.com.pe/arequipa/restaurantes/toro-loco-bar-grill
Lurigancho Grill,https://www.rappi.com.pe/arequipa/restaurantes/lurigancho-grill
Q'ari,https://www.rappi.com.pe/arequipa/restaurantes/qari
Pasta Canteen,https://www.rappi.com.pe/arequipa/restaurantes/pasta-canteen
Cachito's,https://www.rappi.com.pe/arequipa/restaurantes/cachitos
Chef Parrillero,https://www.rappi.com.pe/arequipa/restaurantes/chef-parrillero
Mis Costillitas - Arequipa,https://www.rappi.com.pe/arequipa/restaurantes/mis-costillitas---arequipa
Barrio Picante Cevicheria,https://www.rappi.com.pe/arequipa/restaurantes/barrio-picante-cevicheria
Barrio Chifa,https://www.rappi.com.pe/arequipa/restaurantes/barrio-chifa
La Roue Crepería & Cafetería,https://www.rappi.com.pe/arequipa/restaurantes/la-roue-creperia-cafeteria
Sarcletti,https://www.rappi.com.pe/arequipa/restaurantes/sarcletti
Rollem,https://www.rappi.com.pe/arequipa/restaurantes/rollem
La Sazón de Montañez,https://www.rappi.com.pe/arequipa/restaurantes/la-sazon-de-montanez
Dunkin' Donuts,https://www.rappi.com.pe/arequipa/restaurantes/dunkin-donuts
Abraza Chicken,https://www.rappi.com.pe/arequipa/restaurantes/abraza-chicken
pollo asado la terraza,https://www.rappi.com.pe/arequipa/restaurantes/pollo-asado-la-terraza
Cevichería Nitos,https://www.rappi.com.pe/arequipa/restaurantes/cevicheria-nitos
Challhua Pescados y Mariscos,https://www.rappi.com.pe/arequipa/restaurantes/challhua-pescados-y-mariscos
Gelarti - Helado Gourmet,https://www.rappi.com.pe/arequipa/restaurantes/gelarti-helado-gourmet
La Cabaña,https://www.rappi.com.pe/arequipa/restaurantes/la-cabana
Banana's Crunch,https://www.rappi.com.pe/arequipa/restaurantes/bananas-crunch
Crast Pizzería,https://www.rappi.com.pe/arequipa/restaurantes/crast-pizzeria
Ruben's Carnes y Tragos,https://www.rappi.com.pe/arequipa/restaurantes/rubens-carnes-y-tragos
Mr. Paleta,https://www.rappi.com.pe/arequipa/restaurantes/mr.-paleta---arequipa
Juan Valdez,https://www.rappi.com.pe/arequipa/restaurantes/juan-valdez
Yakuza,https://www.rappi.com.pe/arequipa/restaurantes/yakuza
Eco Brunch,https://www.rappi.com.pe/arequipa/restaurantes/eco-brunch
Prana Vegan Food,https://www.rappi.com.pe/arequipa/restaurantes/prana-vegan-food
Orgullo Norteño,https://www.rappi.com.pe/arequipa/restaurantes/orgullo-norteno
PPtoño's,https://www.rappi.com.pe/arequipa/restaurantes/pptonos
Cevicheria Punta Arenas,https://www.rappi.com.pe/arequipa/restaurantes/cevicheria-punta-arenas
Monster Burger,https://www.rappi.com.pe/arequipa/restaurantes/monster-burger
Don Pechuga,https://www.rappi.com.pe/arequipa/restaurantes/don-pechuga
La Petite Francaise,https://www.rappi.com.pe/arequipa/restaurantes/la-petite-francaise
Sangucheria 302 Salchipapas y Más,https://www.rappi.com.pe/arequipa/restaurantes/sangucheria-302-salchipapas-y-mas
La Miel,https://www.rappi.com.pe/arequipa/restaurantes/la-miel
Tallarino Cercado,https://www.rappi.com.pe/arequipa/restaurantes/tallarino
Piazza - Restobar Pizzeria,https://www.rappi.com.pe/arequipa/restaurantes/piazza-restobar-pizzeria
Food lovers,https://www.rappi.com.pe/arequipa/restaurantes/food-lovers
Arena Sports Bar,https://www.rappi.com.pe/arequipa/restaurantes/arena-sports-bar
La Cucaracha,https://www.rappi.com.pe/arequipa/restaurantes/la-cucaracha
Dolce Perú,https://www.rappi.com.pe/arequipa/restaurantes/dolce-peru
Palettas,https://www.rappi.com.pe/arequipa/restaurantes/palettas
Don Filo Sanguchería Salchipapería,https://www.rappi.com.pe/arequipa/restaurantes/don-filo-sangucheria-salchipaperia
La Carmela,https://www.rappi.com.pe/arequipa/restaurantes/la-carmela
Dulce o Piteau,https://www.rappi.com.pe/arequipa/restaurantes/dulce-o-piteau
Boca Brava,https://www.rappi.com.pe/arequipa/restaurantes/boca-brava
El Café de la Miel,https://www.rappi.com.pe/arequipa/restaurantes/el-cafe-de-la-miel
Pans Pancake House,https://www.rappi.com.pe/arequipa/restaurantes/pancake-house
Chifa Ka Hing,https://www.rappi.com.pe/arequipa/restaurantes/chifa-ka-hing
gran realeza polleria,https://www.rappi.com.pe/arequipa/restaurantes/gran-realeza-polleria
Super Mario Broaster,https://www.rappi.com.pe/arequipa/restaurantes/super-mario-broaster
El Columpio,https://www.rappi.com.pe/arequipa/restaurantes/el-columpio
La Plaza Bar & Grill,https://www.rappi.com.pe/arequipa/restaurantes/la-plaza-bar-grill
Kaffeehaus,https://www.rappi.com.pe/arequipa/restaurantes/kaffeehaus
El Salvavidas Cebichería,https://www.rappi.com.pe/arequipa/restaurantes/el-salvavidas-cebicheria
Mitos Fast Food,https://www.rappi.com.pe/arequipa/restaurantes/mitos-fast-food
Ristretto - Coffee House,https://www.rappi.com.pe/arequipa/restaurantes/ristretto-coffee-house
Aleiana Bakery,https://www.rappi.com.pe/arequipa/restaurantes/aleiana-bakery
Panadería Philippe,https://www.rappi.com.pe/arequipa/restaurantes/panaderia-philippe
Manduka,https://www.rappi.com.pe/arequipa/restaurantes/manduka
Kafi Wasi Coffee House,https://www.rappi.com.pe/arequipa/restaurantes/kafi-wasi-coffee-house
Tacojudo,https://www.rappi.com.pe/arequipa/restaurantes/tacojudo
Parada 116,https://www.rappi.com.pe/arequipa/restaurantes/parada-116
Gud Café Bistró,https://www.rappi.com.pe/arequipa/restaurantes/gud-cafe-bistro
D La Patada,https://www.rappi.com.pe/arequipa/restaurantes/d-la-patada
Once Salsas,https://www.rappi.com.pe/arequipa/restaurantes/once-salsas
La Madriguera Pizzería,https://www.rappi.com.pe/arequipa/restaurantes/la-madriguera-pizzeria
La Sazón De La Abuela,https://www.rappi.com.pe/arequipa/restaurantes/la-sazon-de-la-abuela
Orígenes Salchipaperia,https://www.rappi.com.pe/arequipa/restaurantes/origenes-salchipaperia
Vive Mexico,https://www.rappi.com.pe/arequipa/restaurantes/vive-mexico
El Garage,https://www.rappi.com.pe/arequipa/restaurantes/el-garage
Bárbaros Pollos y Salchipapas,https://www.rappi.com.pe/arequipa/restaurantes/barbaros-pollos-y-salchipapas
Andina 9-11 Salchipapería,https://www.rappi.com.pe/arequipa/restaurantes/andina-9-11-salchipaperia
Whiplash Resto Cafe,https://www.rappi.com.pe/arequipa/restaurantes/whiplash-resto-cafe
Los Lomitos Sanguchería,https://www.rappi.com.pe/arequipa/restaurantes/los-lomitos-sangucheria
La Fermata,https://www.rappi.com.pe/arequipa/restaurantes/la-fermata
Bravo Jack,https://www.rappi.com.pe/arequipa/restaurantes/bravo-jack
Chuck E. Cheese's,https://www.rappi.com.pe/arequipa/restaurantes/chuck-e-cheeses
Kuro,https://www.rappi.com.pe/arequipa/restaurantes/kuro
Barbarian,https://www.rappi.com.pe/arequipa/restaurantes/barbarian
Pizzeria La Algarabía,https://www.rappi.com.pe/arequipa/restaurantes/pizzeria-la-algarabia
Oyco's,https://www.rappi.com.pe/arequipa/restaurantes/oycos
La Negra Hamburguesas,https://www.rappi.com.pe/arequipa/restaurantes/la-negra-hamburguesas
Sushi Rolls,https://www.rappi.com.pe/arequipa/restaurantes/sushi-rolls
Che Carreta,https://www.rappi.com.pe/arequipa/restaurantes/che-carreta
ajilao fast food,https://www.rappi.com.pe/arequipa/restaurantes/ajilao-fast-food
Giancarlo Autor de Pizzas,https://www.rappi.com.pe/arequipa/restaurantes/giancarlo-autor-de-pizzas
Alitas AQP,https://www.rappi.com.pe/arequipa/restaurantes/alitas-aqp
Raffas Food Grill,https://www.rappi.com.pe/arequipa/restaurantes/raffas-food-grill
La Cañería Pizzas y Pastas,https://www.rappi.com.pe/arequipa/restaurantes/la-caneria-pizzas-y-pastas
Mr Sushi Aqp,https://www.rappi.com.pe/arequipa/restaurantes/mr-sushi
Kombus Crunch,https://www.rappi.com.pe/arequipa/restaurantes/kombus-crunch
Señor Alitas,https://www.rappi.com.pe/arequipa/restaurantes/senor-alitas
Atrackon Food Truck,https://www.rappi.com.pe/arequipa/restaurantes/atrackon-food-truck
Cinema Burger,https://www.rappi.com.pe/arequipa/restaurantes/cinema-burger
Schäfer’s,https://www.rappi.com.pe/arequipa/restaurantes/schafers
Primitivas Salchinativas,https://www.rappi.com.pe/arequipa/restaurantes/primitivas-salchinativas
