0,Limu Poke,https://www.rappi.com.ar/buenos-aires/restaurantes/limu-poke
0,Hamburga,https://www.rappi.com.ar/buenos-aires/restaurantes/hamburga
0,Dragon Chinnese Food,https://www.rappi.com.ar/buenos-aires/restaurantes/dragon-chinnese-food
0,Al Zein,https://www.rappi.com.ar/buenos-aires/restaurantes/al-zein
0,La Dorita,https://www.rappi.com.ar/buenos-aires/restaurantes/la-dorita
0,Campobravo,https://www.rappi.com.ar/buenos-aires/restaurantes/campobravo
0,Rapanui,https://www.rappi.com.ar/buenos-aires/restaurantes/rapanui
0,Romario,https://www.rappi.com.ar/buenos-aires/restaurantes/romario
0,Lo de Jesús,https://www.rappi.com.ar/buenos-aires/restaurantes/lo-de-jesus
0,Dean & Dennys,https://www.rappi.com.ar/buenos-aires/restaurantes/dean-dennys
0,Buenos Aires Verde,https://www.rappi.com.ar/buenos-aires/restaurantes/buenos-aires-verde
0,La hija del carnicero,https://www.rappi.com.ar/buenos-aires/restaurantes/la-hija-del-carnicero
0,Urban Jazz Pizza,https://www.rappi.com.ar/buenos-aires/restaurantes/urban-jazz-pizza
0,Mi Rey Comida China,https://www.rappi.com.ar/buenos-aires/restaurantes/mi-rey-comida-china
0,El Noble,https://www.rappi.com.ar/buenos-aires/restaurantes/el-noble
0,Kansas,https://www.rappi.com.ar/buenos-aires/restaurantes/kansas
0,McDonald's,https://www.rappi.com.ar/buenos-aires/restaurantes/mcdonalds
0,Il Quotidiano,https://www.rappi.com.ar/buenos-aires/restaurantes/il-quotidiano
0,El Club de la Milanesa,https://www.rappi.com.ar/buenos-aires/restaurantes/el-club-de-la-milanesa
0,Burgertify,https://www.rappi.com.ar/buenos-aires/restaurantes/burgertify
0,Kanu Sushi,https://www.rappi.com.ar/buenos-aires/restaurantes/kanu-sushi
0,Hana Poke & Bar,https://www.rappi.com.ar/buenos-aires/restaurantes/hana-poke-bar
0,Oggi Pasta e Birra,https://www.rappi.com.ar/buenos-aires/restaurantes/oggi-pasta-e-birra
0,La Fábrica del Taco,https://www.rappi.com.ar/buenos-aires/restaurantes/la-fabrica-del-taco
0,"Nazca, Sabores del Perú",https://www.rappi.com.ar/buenos-aires/restaurantes/nazca-sabores-del-peru
0,Nueva Casita China,https://www.rappi.com.ar/buenos-aires/restaurantes/nueva-casita-china
0,Sale e Pepe,https://www.rappi.com.ar/buenos-aires/restaurantes/sale-e-pepe
0,El Cisne Blanco,https://www.rappi.com.ar/buenos-aires/restaurantes/el-cisne-blanco
0,Maja Jamonería,https://www.rappi.com.ar/buenos-aires/restaurantes/maja-jamoneria
0,Tea Connection,https://www.rappi.com.ar/buenos-aires/restaurantes/tea-connection
0,Naturally,https://www.rappi.com.ar/buenos-aires/restaurantes/naturally
0,Pizza Alla Pala,https://www.rappi.com.ar/buenos-aires/restaurantes/pizza-alla-pala
0,Green Moment,https://www.rappi.com.ar/buenos-aires/restaurantes/green-moment
0,La Crespo,https://www.rappi.com.ar/buenos-aires/restaurantes/la-crespo
0,Chicken Bros,https://www.rappi.com.ar/buenos-aires/restaurantes/chicken-bros
0,Otaku Sushi,https://www.rappi.com.ar/buenos-aires/restaurantes/otaku-sushi
0,Sándwichería NuestraMiga,https://www.rappi.com.ar/buenos-aires/restaurantes/sandwicheria-nuestramiga
0,Dalal,https://www.rappi.com.ar/buenos-aires/restaurantes/dalal
0,Pollos Trak,https://www.rappi.com.ar/buenos-aires/restaurantes/pollos-trak
0,Cártago,https://www.rappi.com.ar/buenos-aires/restaurantes/cartago
0,The Wrapée,https://www.rappi.com.ar/buenos-aires/restaurantes/the-wrapee
0,Roll'in Lui,https://www.rappi.com.ar/buenos-aires/restaurantes/rollin-lui
0,Let It V,https://www.rappi.com.ar/buenos-aires/restaurantes/let-it-v
0,Arredondo,https://www.rappi.com.ar/buenos-aires/restaurantes/arredondo
0,Schwartz & Berg,https://www.rappi.com.ar/buenos-aires/restaurantes/schwartz-berg
0,Kevin Bacon,https://www.rappi.com.ar/buenos-aires/restaurantes/kevin-bacon
0,El Estanciero,https://www.rappi.com.ar/buenos-aires/restaurantes/el-estanciero
0,Tercera Docena,https://www.rappi.com.ar/buenos-aires/restaurantes/tercera-docena
0,La Panotteca,https://www.rappi.com.ar/buenos-aires/restaurantes/la-panotteca
0,Poke & Roll,https://www.rappi.com.ar/buenos-aires/restaurantes/poke-roll
0,Sheikob's Bagels,https://www.rappi.com.ar/buenos-aires/restaurantes/sheikobs-bagels
0,Crepas,https://www.rappi.com.ar/buenos-aires/restaurantes/crepas
0,Nola,https://www.rappi.com.ar/buenos-aires/restaurantes/nola
0,Petit Green,https://www.rappi.com.ar/buenos-aires/restaurantes/petit-green
0,Jolie Bistró,https://www.rappi.com.ar/buenos-aires/restaurantes/jolie-bistro
0,Sultán Shawarma,https://www.rappi.com.ar/buenos-aires/restaurantes/sultan-shawarma
0,Harina Pizzas & Empanadas,https://www.rappi.com.ar/buenos-aires/restaurantes/harina-pizzas-empanadas
0,KOI Beer & Dumplings,https://www.rappi.com.ar/buenos-aires/restaurantes/koi-beer-dumplings
0,La Guitarrita,https://www.rappi.com.ar/buenos-aires/restaurantes/la-guitarrita
0,Mark's Deli & Coffee House,https://www.rappi.com.ar/buenos-aires/restaurantes/marks-deli-coffee-house
0,The Burger Company,https://www.rappi.com.ar/buenos-aires/restaurantes/the-burger-company
0,Parrilla Los Nietos,https://www.rappi.com.ar/buenos-aires/restaurantes/parrilla-los-nietos
0,Big Pons,https://www.rappi.com.ar/buenos-aires/restaurantes/big-pons
0,Burger Joint,https://www.rappi.com.ar/buenos-aires/restaurantes/burger-joint
0,Tiendas Naturales,https://www.rappi.com.ar/buenos-aires/restaurantes/tiendas-naturales
0,The Night Market,https://www.rappi.com.ar/buenos-aires/restaurantes/the-night-market
0,Maru Botana,https://www.rappi.com.ar/buenos-aires/restaurantes/maru-botana
0,Heisenburger,https://www.rappi.com.ar/buenos-aires/restaurantes/heisenburger
0,Barú Gastropub,https://www.rappi.com.ar/buenos-aires/restaurantes/baru-gastropub
0,Doña Cocina,https://www.rappi.com.ar/buenos-aires/restaurantes/dona-cocina
0,Shawarma Al Árabe,https://www.rappi.com.ar/buenos-aires/restaurantes/shawarma-al-arabe
0,Mar de azúcar,https://www.rappi.com.ar/buenos-aires/restaurantes/mar-de-azucar
0,Salgado Alimentos,https://www.rappi.com.ar/buenos-aires/restaurantes/salgado-alimentos
0,Rotisería Camila,https://www.rappi.com.ar/buenos-aires/restaurantes/rotiseria-camila
0,KFC,https://www.rappi.com.ar/buenos-aires/restaurantes/kfc
0,Coco Café,https://www.rappi.com.ar/buenos-aires/restaurantes/coco-cafe
0,Paru Deli Inkas Sushi,https://www.rappi.com.ar/buenos-aires/restaurantes/paru-deli-inkas-sushi
0,Tostado Café Club,https://www.rappi.com.ar/buenos-aires/restaurantes/tostado-cafe-club
0,Artemisia,https://www.rappi.com.ar/buenos-aires/restaurantes/artemisia
0,Hell's Pizza,https://www.rappi.com.ar/buenos-aires/restaurantes/hells-pizza
0,Parrilla Laureana,https://www.rappi.com.ar/buenos-aires/restaurantes/parrilla-laureana
0,Dashi,https://www.rappi.com.ar/buenos-aires/restaurantes/dashi
0,Del Fino Dulce,https://www.rappi.com.ar/buenos-aires/restaurantes/del-fino-dulce
0,Benaim,https://www.rappi.com.ar/buenos-aires/restaurantes/benaim
0,Dogg,https://www.rappi.com.ar/buenos-aires/restaurantes/dogg
0,Fat Broder,https://www.rappi.com.ar/buenos-aires/restaurantes/fat-broder
0,Chori,https://www.rappi.com.ar/buenos-aires/restaurantes/chori
0,Desarmadero,https://www.rappi.com.ar/buenos-aires/restaurantes/desarmadero
0,Empanadas Gourmet,https://www.rappi.com.ar/buenos-aires/restaurantes/empanadas-gourmet
0,Mi Barrio,https://www.rappi.com.ar/buenos-aires/restaurantes/mi-barrio
0,Rice and Shine,https://www.rappi.com.ar/buenos-aires/restaurantes/rice-and-shine
0,Williamsburg,https://www.rappi.com.ar/buenos-aires/restaurantes/williamsburg
0,Rotisería Casa China,https://www.rappi.com.ar/buenos-aires/restaurantes/rotiseria-casa-china
0,Ju,https://www.rappi.com.ar/buenos-aires/restaurantes/ju
0,Magalí Empanadas,https://www.rappi.com.ar/buenos-aires/restaurantes/magali-empanadas
0,Lio San Restaurant Chifa,https://www.rappi.com.ar/buenos-aires/restaurantes/lio-san-restaurant-chifa
0,Urbano Cocina Americana,https://www.rappi.com.ar/buenos-aires/restaurantes/urbano-cocina-americana
0,Quiero! Empanadas,https://www.rappi.com.ar/buenos-aires/restaurantes/quiero-empanadas
0,Gourmet de Shangai,https://www.rappi.com.ar/buenos-aires/restaurantes/gourmet-de-shangai
0,Vurguesa,https://www.rappi.com.ar/buenos-aires/restaurantes/vurguesa
0,Wendy's,https://www.rappi.com.ar/buenos-aires/restaurantes/wendys
0,Just Green,https://www.rappi.com.ar/buenos-aires/restaurantes/just-green
0,La Boheme - Crepes & Bagels,https://www.rappi.com.ar/buenos-aires/restaurantes/la-boheme-crepes-bagels
0,Mwafi,https://www.rappi.com.ar/buenos-aires/restaurantes/mwafi
0,Helados Italia,https://www.rappi.com.ar/buenos-aires/restaurantes/helados-italia
0,Occo Helados,https://www.rappi.com.ar/buenos-aires/restaurantes/occo-helados
0,Dashi House,https://www.rappi.com.ar/buenos-aires/restaurantes/dashi-house
0,Massey Almacén de Pastas,https://www.rappi.com.ar/buenos-aires/restaurantes/massey-almacen-de-pastas
0,Panadería Venezolana Donna,https://www.rappi.com.ar/buenos-aires/restaurantes/panaderia-venezolana-donna
0,Vinotinto,https://www.rappi.com.ar/buenos-aires/restaurantes/vinotinto
0,Wakai Sushi Salad,https://www.rappi.com.ar/buenos-aires/restaurantes/wakai-sushi-salad
0,Teque Pops,https://www.rappi.com.ar/buenos-aires/restaurantes/teque-pops
0,Green Eat,https://www.rappi.com.ar/buenos-aires/restaurantes/green-eat
0,Taco Box,https://www.rappi.com.ar/buenos-aires/restaurantes/taco-box
0,La Farola,https://www.rappi.com.ar/buenos-aires/restaurantes/la-farola
0,Donut Therapy,https://www.rappi.com.ar/buenos-aires/restaurantes/donut-therapy
0,La Payuca,https://www.rappi.com.ar/buenos-aires/restaurantes/la-payuca
0,Oporto,https://www.rappi.com.ar/buenos-aires/restaurantes/oporto
0,Casero & Natural,https://www.rappi.com.ar/buenos-aires/restaurantes/casero-natural
0,Jade Sin Tacc,https://www.rappi.com.ar/buenos-aires/restaurantes/jade-sin-tacc
0,Mudrá,https://www.rappi.com.ar/buenos-aires/restaurantes/mudra
0,La Catedral del Pisco,https://www.rappi.com.ar/buenos-aires/restaurantes/la-catedral-del-pisco
0,Big Sur,https://www.rappi.com.ar/buenos-aires/restaurantes/big-sur
0,Croque Madame,https://www.rappi.com.ar/buenos-aires/restaurantes/croque-madame
0,Burger King,https://www.rappi.com.ar/buenos-aires/restaurantes/burger-king
0,Green Kraving,https://www.rappi.com.ar/buenos-aires/restaurantes/green-kraving
0,Voraz,https://www.rappi.com.ar/buenos-aires/restaurantes/voraz
0,Bellaria Panadería,https://www.rappi.com.ar/buenos-aires/restaurantes/bellaria-panaderia
0,Francisca del Fuego,https://www.rappi.com.ar/buenos-aires/restaurantes/francisca-del-fuego
0,Deniro Hamburguesería,https://www.rappi.com.ar/buenos-aires/restaurantes/deniro-hamburgueseria
0,Poke Pop,https://www.rappi.com.ar/buenos-aires/restaurantes/poke-pop
0,Usina Cafetera Pastelería,https://www.rappi.com.ar/buenos-aires/restaurantes/usina-cafetera-pasteleria
0,Saigón Noodle Bar,https://www.rappi.com.ar/buenos-aires/restaurantes/saigon-noodle-bar
0,Hit Pasta,https://www.rappi.com.ar/buenos-aires/restaurantes/hit-pasta
0,El Mono Gourmet,https://www.rappi.com.ar/buenos-aires/restaurantes/el-mono-gourmet
0,Olegario,https://www.rappi.com.ar/buenos-aires/restaurantes/olegario
0,Brownie Planet,https://www.rappi.com.ar/buenos-aires/restaurantes/brownie-planet
0,Cultura Peruana,https://www.rappi.com.ar/buenos-aires/restaurantes/cultura-peruana
0,Pan de Queso Brasil,https://www.rappi.com.ar/buenos-aires/restaurantes/pan-de-queso-brasil
0,Lolo vegan chef,https://www.rappi.com.ar/buenos-aires/restaurantes/lolo-vegan-chef
0,Gontran Cherrier,https://www.rappi.com.ar/buenos-aires/restaurantes/gontran-cherrier
0,Cachito Premium,https://www.rappi.com.ar/buenos-aires/restaurantes/cachito-premium
0,Fábrica de Pastas Santa María,https://www.rappi.com.ar/buenos-aires/restaurantes/fabrica-de-pastas-santa-maria
0,Burger 54,https://www.rappi.com.ar/buenos-aires/restaurantes/burger-54
0,Wok Locos,https://www.rappi.com.ar/buenos-aires/restaurantes/wok-locos
0,Subway,https://www.rappi.com.ar/buenos-aires/restaurantes/subway
0,Adorado Bar,https://www.rappi.com.ar/buenos-aires/restaurantes/adorado-bar
0,Ichi Sushi,https://www.rappi.com.ar/buenos-aires/restaurantes/ichi-sushi
0,Hana Sushi,https://www.rappi.com.ar/buenos-aires/restaurantes/hana-sushi
0,Búffala,https://www.rappi.com.ar/buenos-aires/restaurantes/buffala
0,La Alacena,https://www.rappi.com.ar/buenos-aires/restaurantes/la-alacena
0,Go Green Delivery,https://www.rappi.com.ar/buenos-aires/restaurantes/go-green-delivery
0,Perez H,https://www.rappi.com.ar/buenos-aires/restaurantes/perez-h
0,Los Maestros,https://www.rappi.com.ar/buenos-aires/restaurantes/los-maestros
0,Maiky,https://www.rappi.com.ar/buenos-aires/restaurantes/maiky
0,Big Food,https://www.rappi.com.ar/buenos-aires/restaurantes/big-food
0,Glumy,https://www.rappi.com.ar/buenos-aires/restaurantes/glumy
0,Cocu,https://www.rappi.com.ar/buenos-aires/restaurantes/cocu
0,Mangini,https://www.rappi.com.ar/buenos-aires/restaurantes/mangini
0,Cuervo Café,https://www.rappi.com.ar/buenos-aires/restaurantes/cuervo-cafe
0,Grill Dandy,https://www.rappi.com.ar/buenos-aires/restaurantes/grill-dandy
0,Finde Heladería,https://www.rappi.com.ar/buenos-aires/restaurantes/finde-heladeria
0,Sensu,https://www.rappi.com.ar/buenos-aires/restaurantes/sensu
0,Sushi Lives,https://www.rappi.com.ar/buenos-aires/restaurantes/sushi-lives
0,Scannapieco,https://www.rappi.com.ar/buenos-aires/restaurantes/scannapieco
0,a 'Manger,https://www.rappi.com.ar/buenos-aires/restaurantes/a-manger
0,La Mar,https://www.rappi.com.ar/buenos-aires/restaurantes/la-mar
0,Le Pain Quotidien,https://www.rappi.com.ar/buenos-aires/restaurantes/le-pain-quotidien
0,Los Buenos Amigos del Once,https://www.rappi.com.ar/buenos-aires/restaurantes/los-buenos-amigos-del-once
0,Jardín,https://www.rappi.com.ar/buenos-aires/restaurantes/jardin
0,Abocado Cantina,https://www.rappi.com.ar/buenos-aires/restaurantes/abocado-cantina
0,Il Trovatore Gelato,https://www.rappi.com.ar/buenos-aires/restaurantes/il-trovatore-gelato
0,Koko Bao Bar,https://www.rappi.com.ar/buenos-aires/restaurantes/koko-bao-bar
0,Las Medialunas del Abuelo,https://www.rappi.com.ar/buenos-aires/restaurantes/las-medialunas-del-abuelo
0,Le Blé,https://www.rappi.com.ar/buenos-aires/restaurantes/le-ble
0,Mumbai,https://www.rappi.com.ar/buenos-aires/restaurantes/mumbai
0,Itamae,https://www.rappi.com.ar/buenos-aires/restaurantes/itamae
0,Pizza Zapi,https://www.rappi.com.ar/buenos-aires/restaurantes/pizza-zapi
0,Don Matute,https://www.rappi.com.ar/buenos-aires/restaurantes/don-matute
0,Pertutti,https://www.rappi.com.ar/buenos-aires/restaurantes/pertutti
0,Carne,https://www.rappi.com.ar/buenos-aires/restaurantes/carne
0,Mezze Delicatessen,https://www.rappi.com.ar/buenos-aires/restaurantes/mezze-delicatessen
0,La Juvenil de Almagro,https://www.rappi.com.ar/buenos-aires/restaurantes/la-juvenil-de-almagro
0,Green & Company,https://www.rappi.com.ar/buenos-aires/restaurantes/green-company
0,Tora,https://www.rappi.com.ar/buenos-aires/restaurantes/tora
0,Astro Rey,https://www.rappi.com.ar/buenos-aires/restaurantes/astro-rey
0,El Hornero,https://www.rappi.com.ar/buenos-aires/restaurantes/el-hornero
0,Scarlett Cakes,https://www.rappi.com.ar/buenos-aires/restaurantes/scarlett-cakes
0,The Stand,https://www.rappi.com.ar/buenos-aires/restaurantes/the-stand
0,La Milaneseria,https://www.rappi.com.ar/buenos-aires/restaurantes/la-milaneseria
0,Freddo,https://www.rappi.com.ar/buenos-aires/restaurantes/freddo
0,Don Antonio,https://www.rappi.com.ar/buenos-aires/restaurantes/don-antonio
0,Il Gatto Trattorias,https://www.rappi.com.ar/buenos-aires/restaurantes/il-gatto-trattorias
0,Rebelion,https://www.rappi.com.ar/buenos-aires/restaurantes/rebelion
0,La Cabrera al Paso,https://www.rappi.com.ar/buenos-aires/restaurantes/la-cabrera-al-paso
0,Pani,https://www.rappi.com.ar/buenos-aires/restaurantes/pani
0,Wok tu Wok,https://www.rappi.com.ar/buenos-aires/restaurantes/wok-tu-wok
0,Teque´s Factory,https://www.rappi.com.ar/buenos-aires/restaurantes/teques-factory
0,Valence,https://www.rappi.com.ar/buenos-aires/restaurantes/valence
0,Tempo Di Pasta,https://www.rappi.com.ar/buenos-aires/restaurantes/tempo-di-pasta
0,Quechua,https://www.rappi.com.ar/buenos-aires/restaurantes/quechua
0,Capriccio,https://www.rappi.com.ar/buenos-aires/restaurantes/capriccio
0,The Oldest Bar,https://www.rappi.com.ar/buenos-aires/restaurantes/the-oldest-bar
0,Churrería El Topo,https://www.rappi.com.ar/buenos-aires/restaurantes/churreria-el-topo
0,La Castellana,https://www.rappi.com.ar/buenos-aires/restaurantes/la-castellana
0,Tufic,https://www.rappi.com.ar/buenos-aires/restaurantes/tufic
0,Tonno,https://www.rappi.com.ar/buenos-aires/restaurantes/tonno---canitas
0,Intanto Bar,https://www.rappi.com.ar/buenos-aires/restaurantes/intanto-bar
0,La Particular de Virginio,https://www.rappi.com.ar/buenos-aires/restaurantes/la-particular-de-virginio
0,Milanezza,https://www.rappi.com.ar/buenos-aires/restaurantes/milanezza
0,Kiosco de Empanadas,https://www.rappi.com.ar/buenos-aires/restaurantes/kiosco-de-empanadas
0,Bien de Campo,https://www.rappi.com.ar/buenos-aires/restaurantes/bien-de-campo
0,Praliné Cakes,https://www.rappi.com.ar/buenos-aires/restaurantes/praline-cakes
0,Trigal Pizzería,https://www.rappi.com.ar/buenos-aires/restaurantes/trigal-pizzeria
0,Velvet,https://www.rappi.com.ar/buenos-aires/restaurantes/velvet
0,China Doll,https://www.rappi.com.ar/buenos-aires/restaurantes/china-doll
0,Magic Dragon,https://www.rappi.com.ar/buenos-aires/restaurantes/magic-dragon
0,Dorina Café,https://www.rappi.com.ar/buenos-aires/restaurantes/dorina-cafe
0,Gako Sushi,https://www.rappi.com.ar/buenos-aires/restaurantes/gako-sushi
0,Lo de Fede,https://www.rappi.com.ar/buenos-aires/restaurantes/lo-de-fede
0,Fuensanta,https://www.rappi.com.ar/buenos-aires/restaurantes/fuensanta
0,Santo Bar de Pizzas,https://www.rappi.com.ar/buenos-aires/restaurantes/santo-bar-de-pizzas
0,La Cátedra,https://www.rappi.com.ar/buenos-aires/restaurantes/la-catedra
0,Todo Brasa,https://www.rappi.com.ar/buenos-aires/restaurantes/todo-brasa
0,Mr Pollo,https://www.rappi.com.ar/buenos-aires/restaurantes/mr-pollo
0,Voulez Bar,https://www.rappi.com.ar/buenos-aires/restaurantes/voulez-bar
0,Mostaza,https://www.rappi.com.ar/buenos-aires/restaurantes/mostaza
0,Bakano,https://www.rappi.com.ar/buenos-aires/restaurantes/bakano
0,Café San Bernardo,https://www.rappi.com.ar/buenos-aires/restaurantes/cafe-san-bernardo
0,Shami Shawarma,https://www.rappi.com.ar/buenos-aires/restaurantes/shami-shawarma
0,Malvón,https://www.rappi.com.ar/buenos-aires/restaurantes/malvon
0,Pizza Vegana,https://www.rappi.com.ar/buenos-aires/restaurantes/pizza-vegana
0,Nippon Sushi Premium,https://www.rappi.com.ar/buenos-aires/restaurantes/nippon-sushi-premium
0,Sudestada Buenos Aires,https://www.rappi.com.ar/buenos-aires/restaurantes/sudestada-buenos-aires
0,Los Armenios Shawarma,https://www.rappi.com.ar/buenos-aires/restaurantes/los-armenios-shawarma
0,Chaggie,https://www.rappi.com.ar/buenos-aires/restaurantes/chaggie
0,La Argentina,https://www.rappi.com.ar/buenos-aires/restaurantes/la-argentina
0,Bako Kuri Sushi,https://www.rappi.com.ar/buenos-aires/restaurantes/bako-kuri-sushi
0,Barcelona Asturias,https://www.rappi.com.ar/buenos-aires/restaurantes/barcelona-asturias
0,Touchdown,https://www.rappi.com.ar/buenos-aires/restaurantes/touchdown
0,Faricci,https://www.rappi.com.ar/buenos-aires/restaurantes/faricci
0,Avila Food,https://www.rappi.com.ar/buenos-aires/restaurantes/avila-food
0,Fly Morfi,https://www.rappi.com.ar/buenos-aires/restaurantes/fly-morfi
0,Inside,https://www.rappi.com.ar/buenos-aires/restaurantes/inside
0,Mi Wok,https://www.rappi.com.ar/buenos-aires/restaurantes/mi-wok
0,"Sí, Pastrón",https://www.rappi.com.ar/buenos-aires/restaurantes/si-pastron
0,Cantina China,https://www.rappi.com.ar/buenos-aires/restaurantes/cantina-china
0,La Farola Express,https://www.rappi.com.ar/buenos-aires/restaurantes/la-farola-express
0,La Estrella del Sur,https://www.rappi.com.ar/buenos-aires/restaurantes/la-estrella-del-sur
0,Los Amigos de Juan,https://www.rappi.com.ar/buenos-aires/restaurantes/los-amigos-de-juan
0,FAYER,https://www.rappi.com.ar/buenos-aires/restaurantes/fayer
0,Viglio,https://www.rappi.com.ar/buenos-aires/restaurantes/viglio
0,Futu Sushi,https://www.rappi.com.ar/buenos-aires/restaurantes/futu-sushi
0,Tierra de Nadie,https://www.rappi.com.ar/buenos-aires/restaurantes/tierra-de-nadie
0,Cantina Palermo,https://www.rappi.com.ar/buenos-aires/restaurantes/cantina-palermo
0,Impanato,https://www.rappi.com.ar/buenos-aires/restaurantes/impanato
0,El Fundador Helados,https://www.rappi.com.ar/buenos-aires/restaurantes/el-fundador-helados
0,Tienda de Café,https://www.rappi.com.ar/buenos-aires/restaurantes/tienda-de-cafe
0,Be Frika,https://www.rappi.com.ar/buenos-aires/restaurantes/be-frika
0,La Pérgola Pizzería,https://www.rappi.com.ar/buenos-aires/restaurantes/la-pergola-pizzeria
0,Al Rawshe,https://www.rappi.com.ar/buenos-aires/restaurantes/al-rawshe
0,Churrería Bigotes de Azúcar,https://www.rappi.com.ar/buenos-aires/restaurantes/churreria-bigotes-de-azucar
0,Viejo Mundo Bodegón,https://www.rappi.com.ar/buenos-aires/restaurantes/viejo-mundo-bodegon
0,Helados Enzo,https://www.rappi.com.ar/buenos-aires/restaurantes/helados-enzo
0,Pizzería San Antonio,https://www.rappi.com.ar/buenos-aires/restaurantes/pizzeria-san-antonio
0,La Parolaccia Casa Tua,https://www.rappi.com.ar/buenos-aires/restaurantes/la-parolaccia
0,Rock & Donuts,https://www.rappi.com.ar/buenos-aires/restaurantes/rock-donuts
0,Aversa Helados,https://www.rappi.com.ar/buenos-aires/restaurantes/aversa-helados
0,The Embers,https://www.rappi.com.ar/buenos-aires/restaurantes/the-embers
0,Zuti,https://www.rappi.com.ar/buenos-aires/restaurantes/zuti
0,Frapole,https://www.rappi.com.ar/buenos-aires/restaurantes/frapole
0,Cantina Don Chicho,https://www.rappi.com.ar/buenos-aires/restaurantes/cantina-don-chicho
0,Arkyn,https://www.rappi.com.ar/buenos-aires/restaurantes/arkyn
0,El Camarín de las Musas,https://www.rappi.com.ar/buenos-aires/restaurantes/el-camarin-de-las-musas
0,GOODSTËN,https://www.rappi.com.ar/buenos-aires/restaurantes/goodsten
0,Dulce Charlotte,https://www.rappi.com.ar/buenos-aires/restaurantes/dulce-charlotte
0,La Veneciana,https://www.rappi.com.ar/buenos-aires/restaurantes/la-veneciana
0,Pan de Queso Delicia,https://www.rappi.com.ar/buenos-aires/restaurantes/pan-de-queso-delicia
0,La Nueva Era,https://www.rappi.com.ar/buenos-aires/restaurantes/la-nueva-era
0,Del Turista Chocolates,https://www.rappi.com.ar/buenos-aires/restaurantes/del-turista-chocolates
0,Las Cholas,https://www.rappi.com.ar/buenos-aires/restaurantes/las-cholas
0,Yuca Bistró,https://www.rappi.com.ar/buenos-aires/restaurantes/yuca-bistro
0,El Palacio del Oriente,https://www.rappi.com.ar/buenos-aires/restaurantes/el-palacio-del-oriente
0,Gamberro Rotisería,https://www.rappi.com.ar/buenos-aires/restaurantes/gamberro-rotiseria
0,Tartagal,https://www.rappi.com.ar/buenos-aires/restaurantes/tartagal
0,The Donuts Market,https://www.rappi.com.ar/buenos-aires/restaurantes/the-donuts-market
0,Oui Oui,https://www.rappi.com.ar/buenos-aires/restaurantes/oui-oui
0,Lievito Madre,https://www.rappi.com.ar/buenos-aires/restaurantes/lievito-madre
0,Fábrica de Pizzas,https://www.rappi.com.ar/buenos-aires/restaurantes/fabrica-de-pizzas
0,La Panera Rosa,https://www.rappi.com.ar/buenos-aires/restaurantes/la-panera-rosa
0,Dulce Buenos Aires,https://www.rappi.com.ar/buenos-aires/restaurantes/dulce-buenos-aires
0,Róncole Pane e Caffe Incas,https://www.rappi.com.ar/buenos-aires/restaurantes/roncole-pane-e-caffe-incas
0,Kioto Sushi,https://www.rappi.com.ar/buenos-aires/restaurantes/kioto-sushi
0,Donut Garage,https://www.rappi.com.ar/buenos-aires/restaurantes/donut-garage
0,Titola,https://www.rappi.com.ar/buenos-aires/restaurantes/titola
0,Via Vecchia,https://www.rappi.com.ar/buenos-aires/restaurantes/via-vecchia
0,Cava de Picadas,https://www.rappi.com.ar/buenos-aires/restaurantes/cava-de-picadas
0,Gelateria Cibiana,https://www.rappi.com.ar/buenos-aires/restaurantes/gelateria-cibiana
0,Trending Sushi,https://www.rappi.com.ar/buenos-aires/restaurantes/trending-sushi
0,San Camilo,https://www.rappi.com.ar/buenos-aires/restaurantes/san-camilo
0,Cabaña del Tuyu,https://www.rappi.com.ar/buenos-aires/restaurantes/cabana-del-tuyu
0,Celigourmet,https://www.rappi.com.ar/buenos-aires/restaurantes/celigourmet
0,Café Kajue,https://www.rappi.com.ar/buenos-aires/restaurantes/cafe-kajue
0,Nucha,https://www.rappi.com.ar/buenos-aires/restaurantes/nucha
0,Vive Verde,https://www.rappi.com.ar/buenos-aires/restaurantes/vive-verde
0,Kaira Helados Saludables,https://www.rappi.com.ar/buenos-aires/restaurantes/kaira-helados-saludables
0,SushiPop,https://www.rappi.com.ar/buenos-aires/restaurantes/sushipop
0,Cultura China,https://www.rappi.com.ar/buenos-aires/restaurantes/cultura-china
0,Inside Vuelta de Obligado,https://www.rappi.com.ar/buenos-aires/restaurantes/inside
0,Sándwich del Club,https://www.rappi.com.ar/buenos-aires/restaurantes/sandwich-del-club
0,La Bakery Panadería Kosher,https://www.rappi.com.ar/buenos-aires/restaurantes/la-bakery-panaderia-kosher
0,Parrila al Paso Julio,https://www.rappi.com.ar/buenos-aires/restaurantes/parrila-al-paso-julio
0,Veggie Team,https://www.rappi.com.ar/buenos-aires/restaurantes/veggie-team
0,Angelatto Heladería,https://www.rappi.com.ar/buenos-aires/restaurantes/angelatto-heladeria
0,Mr.Farenheit,https://www.rappi.com.ar/buenos-aires/restaurantes/mrfarenheit
0,Salad Box,https://www.rappi.com.ar/buenos-aires/restaurantes/salad-box
0,Serendipity Coffee and Wine Bar,https://www.rappi.com.ar/buenos-aires/restaurantes/serendipity-coffee-and-wine-bar
0,La Gioconda,https://www.rappi.com.ar/buenos-aires/restaurantes/la-gioconda
0,Benaim La Falafería,https://www.rappi.com.ar/buenos-aires/restaurantes/benaim-la-falaferia
0,Costumbres Argentinas,https://www.rappi.com.ar/buenos-aires/restaurantes/costumbres-argentinas
0,Veracruz,https://www.rappi.com.ar/buenos-aires/restaurantes/veracruz
0,Waffles Pop,https://www.rappi.com.ar/buenos-aires/restaurantes/waffles-pop
0,Marco Pollo,https://www.rappi.com.ar/buenos-aires/restaurantes/marco-pollo
0,La Trufa,https://www.rappi.com.ar/buenos-aires/restaurantes/la-trufa
0,La Amistad,https://www.rappi.com.ar/buenos-aires/restaurantes/la-amistad
0,ItalyKo,https://www.rappi.com.ar/buenos-aires/restaurantes/italyko
0,Buenos Aires Verde Bakery,https://www.rappi.com.ar/buenos-aires/restaurantes/buenos-aires-verde-bakery
0,Santillo,https://www.rappi.com.ar/buenos-aires/restaurantes/santillo
0,8 Esquinas,https://www.rappi.com.ar/buenos-aires/restaurantes/8-esquinas
0,Ameno,https://www.rappi.com.ar/buenos-aires/restaurantes/ameno
0,Harina Desayunos & Meriendas,https://www.rappi.com.ar/buenos-aires/restaurantes/harina-desayunos-meriendas
0,Izakaya By Sushi Pop,https://www.rappi.com.ar/buenos-aires/restaurantes/izakaya-by-sushi-pop
0,Che Sushi,https://www.rappi.com.ar/buenos-aires/restaurantes/che-sushi
0,Las Milangas de Freddy,https://www.rappi.com.ar/buenos-aires/restaurantes/las-milangas-de-freddy
0,Panadería Diaz Vélez,https://www.rappi.com.ar/buenos-aires/restaurantes/panaderia-diaz-velez
0,Vespress Café Palermo,https://www.rappi.com.ar/buenos-aires/restaurantes/vespress-cafe-palermo
0,Quma Catering y Pastelería,https://www.rappi.com.ar/buenos-aires/restaurantes/quma-catering-y-pasteleria
0,Kentucky Café,https://www.rappi.com.ar/buenos-aires/restaurantes/kentucky-cafe
0,Grido,https://www.rappi.com.ar/buenos-aires/restaurantes/grido
0,Accademia della Pizza,https://www.rappi.com.ar/buenos-aires/restaurantes/accademia-della-pizza
0,Rinvol Panadería,https://www.rappi.com.ar/buenos-aires/restaurantes/rinvol-panaderia
0,Chemuzza,https://www.rappi.com.ar/buenos-aires/restaurantes/chemuzza
0,Morita,https://www.rappi.com.ar/buenos-aires/restaurantes/morita
0,Marlon,https://www.rappi.com.ar/buenos-aires/restaurantes/marlon
0,Juan Pedro Caballero,https://www.rappi.com.ar/buenos-aires/restaurantes/juan-pedro-caballero
0,Brozziano,https://www.rappi.com.ar/buenos-aires/restaurantes/brozziano
0,Calma Panadería,https://www.rappi.com.ar/buenos-aires/restaurantes/calma-panaderia
0,Tienda Romero,https://www.rappi.com.ar/buenos-aires/restaurantes/tienda-romero
0,Walk 2 Salad,https://www.rappi.com.ar/buenos-aires/restaurantes/walk-2-salad
0,Casa Munay,https://www.rappi.com.ar/buenos-aires/restaurantes/casa-munay
0,Rock & Chicken,https://www.rappi.com.ar/buenos-aires/restaurantes/rock-chicken
0,Bendita Hamburguesa,https://www.rappi.com.ar/buenos-aires/restaurantes/bendita-hamburguesa
0,Fishico,https://www.rappi.com.ar/buenos-aires/restaurantes/fishico
0,Tequelistos,https://www.rappi.com.ar/buenos-aires/restaurantes/tequelistos
0,Ola Poke,https://www.rappi.com.ar/buenos-aires/restaurantes/ola-poke
0,Estación Arcos,https://www.rappi.com.ar/buenos-aires/restaurantes/estacion-arcos
0,Picaro Donuts,https://www.rappi.com.ar/buenos-aires/restaurantes/picaro-donuts
0,Maricafé,https://www.rappi.com.ar/buenos-aires/restaurantes/maricafe
0,Cacao's Market,https://www.rappi.com.ar/buenos-aires/restaurantes/cacaos-market
0,La Panadería,https://www.rappi.com.ar/buenos-aires/restaurantes/la-panaderia
0,La Francisca,https://www.rappi.com.ar/buenos-aires/restaurantes/la-francisca
0,Tienda de Empanadas,https://www.rappi.com.ar/buenos-aires/restaurantes/tienda-de-empanadas
0,Gracia MasaMadre,https://www.rappi.com.ar/buenos-aires/restaurantes/gracia-masamadre
0,Kyrios,https://www.rappi.com.ar/buenos-aires/restaurantes/kyrios
0,Chungo,https://www.rappi.com.ar/buenos-aires/restaurantes/chungo
0,Real Cocina Armenia,https://www.rappi.com.ar/buenos-aires/restaurantes/real-cocina-armenia
0,Monkey Asian Bowl,https://www.rappi.com.ar/buenos-aires/restaurantes/monkey-asian-bowl
0,Geo Bar,https://www.rappi.com.ar/buenos-aires/restaurantes/geo-bar
0,Alen Delon Churrería,https://www.rappi.com.ar/buenos-aires/restaurantes/alen-delon-churreria
0,Rincón Norteño,https://www.rappi.com.ar/buenos-aires/restaurantes/rincon-norteno
0,Don Us,https://www.rappi.com.ar/buenos-aires/restaurantes/don-us
0,Teglia,https://www.rappi.com.ar/buenos-aires/restaurantes/teglia
0,Stars Pizzería,https://www.rappi.com.ar/buenos-aires/restaurantes/stars-pizzeria
0,Bibo Bagels,https://www.rappi.com.ar/buenos-aires/restaurantes/bibo-bagels
0,Cabaña Tuyú - Elcano,https://www.rappi.com.ar/buenos-aires/restaurantes/cabana-tuyu-elcano
0,Viva la Arepa,https://www.rappi.com.ar/buenos-aires/restaurantes/viva-la-arepa
0,Pizzería Flipper,https://www.rappi.com.ar/buenos-aires/restaurantes/pizzeria-flipper
0,Empanadas Express,https://www.rappi.com.ar/buenos-aires/restaurantes/empanadas-express
0,Punta Moreno,https://www.rappi.com.ar/buenos-aires/restaurantes/punta-moreno
0,Volta,https://www.rappi.com.ar/buenos-aires/restaurantes/volta
0,Empanadas de 10,https://www.rappi.com.ar/buenos-aires/restaurantes/empanadas-del-10--almagro
0,Asan Sushi,https://www.rappi.com.ar/buenos-aires/restaurantes/asan-sushi
0,Xanto Burritos,https://www.rappi.com.ar/buenos-aires/restaurantes/xanto-burritos
0,Helados Daniel,https://www.rappi.com.ar/buenos-aires/restaurantes/helados-daniel
0,AJ Dulcinea,https://www.rappi.com.ar/buenos-aires/restaurantes/aj-dulcinea
0,Primo Pizza & Empanadas,https://www.rappi.com.ar/buenos-aires/restaurantes/primo-pizza-empanadas
0,Persicco,https://www.rappi.com.ar/buenos-aires/restaurantes/persicco
0,Mezcal de Amores,https://www.rappi.com.ar/buenos-aires/restaurantes/mezcal-de-amores
0,Sparaw Jugos Orgánicos,https://www.rappi.com.ar/buenos-aires/restaurantes/sparaw-jugos-organicos
0,Soylu,https://www.rappi.com.ar/buenos-aires/restaurantes/soylu
0,Whoopies,https://www.rappi.com.ar/buenos-aires/restaurantes/whoopies
0,Capricci Helados,https://www.rappi.com.ar/buenos-aires/restaurantes/capricci-helados
0,Dina Medialunas,https://www.rappi.com.ar/buenos-aires/restaurantes/dina-medialunas
0,La Tranquera,https://www.rappi.com.ar/buenos-aires/restaurantes/la-tranquera
0,Famaillá Empanadas Tucumanas,https://www.rappi.com.ar/buenos-aires/restaurantes/famailla-empanadas-tucumanas
0,HotWay,https://www.rappi.com.ar/buenos-aires/restaurantes/hotway
0,Good Cholas,https://www.rappi.com.ar/buenos-aires/restaurantes/good-cholas
0,Boniato Pizzas,https://www.rappi.com.ar/buenos-aires/restaurantes/boniato-pizzas
0,Piba,https://www.rappi.com.ar/buenos-aires/restaurantes/piba
0,Atalaya,https://www.rappi.com.ar/buenos-aires/restaurantes/atalaya
0,La Querencia,https://www.rappi.com.ar/buenos-aires/restaurantes/la-querencia-aguilar
0,Love Empanadas,https://www.rappi.com.ar/buenos-aires/restaurantes/love-empanadas
0,Eco Poke,https://www.rappi.com.ar/buenos-aires/restaurantes/eco-poke
0,Los Orientales,https://www.rappi.com.ar/buenos-aires/restaurantes/los-orientales
0,Podio Helado Genuino,https://www.rappi.com.ar/buenos-aires/restaurantes/podio-helado-genuino
0,Koten Nikkei & Veggie,https://www.rappi.com.ar/buenos-aires/restaurantes/koten-nikkei-veggie
0,Sabor Nativo,https://www.rappi.com.ar/buenos-aires/restaurantes/sabor-nativo
0,La Stampa,https://www.rappi.com.ar/buenos-aires/restaurantes/la-stampa
0,Pollo Frito Ba,https://www.rappi.com.ar/buenos-aires/restaurantes/pollo-frito-ba
0,Birkin Nicaragua,https://www.rappi.com.ar/buenos-aires/restaurantes/birkin
0,Pizzas y Empanadas Don Justo,https://www.rappi.com.ar/buenos-aires/restaurantes/pizzas-y-empanadas-don-justo
0,Ave Caesar,https://www.rappi.com.ar/buenos-aires/restaurantes/ave-caesar
0,Barí,https://www.rappi.com.ar/buenos-aires/restaurantes/bari
0,El Sanjuanino,https://www.rappi.com.ar/buenos-aires/restaurantes/el-sanjuanino
0,Chacaíto,https://www.rappi.com.ar/buenos-aires/restaurantes/chacaito
0,Viejo Agump,https://www.rappi.com.ar/buenos-aires/restaurantes/viejo-agump
0,Pizzería La Paternal,https://www.rappi.com.ar/buenos-aires/restaurantes/pizzeria-la-paternal
0,Ugi's,https://www.rappi.com.ar/buenos-aires/restaurantes/ugis
0,Saborcito Casero,https://www.rappi.com.ar/buenos-aires/restaurantes/saborcito-casero
0,La Nueva Güimpi,https://www.rappi.com.ar/buenos-aires/restaurantes/la-nueva-guimpi
0,La Carbonera,https://www.rappi.com.ar/buenos-aires/restaurantes/la-carbonera
0,Dean Hot Dogs,https://www.rappi.com.ar/buenos-aires/restaurantes/dean-hot-dogs
0,Pizzería La Quebrada,https://www.rappi.com.ar/buenos-aires/restaurantes/pizzeria-la-quebrada
0,Nonna Express,https://www.rappi.com.ar/buenos-aires/restaurantes/nonna-express
0,Osaka,https://www.rappi.com.ar/buenos-aires/restaurantes/osaka
0,Cervelar,https://www.rappi.com.ar/buenos-aires/restaurantes/cervelar
0,La Nueva Pipa,https://www.rappi.com.ar/buenos-aires/restaurantes/la-nueva-pipa
0,Yan Kie,https://www.rappi.com.ar/buenos-aires/restaurantes/yan-kie
0,La Candela Pizza & Empanadas,https://www.rappi.com.ar/buenos-aires/restaurantes/la-candela-pizza-empanadas
0,Sushi Station,https://www.rappi.com.ar/buenos-aires/restaurantes/sushi-station
0,Veggie One,https://www.rappi.com.ar/buenos-aires/restaurantes/veggie-one
0,Farbatto,https://www.rappi.com.ar/buenos-aires/restaurantes/farbatto
0,Abuela Goye,https://www.rappi.com.ar/buenos-aires/restaurantes/abuela-goye
0,Monti Bar de Pastas,https://www.rappi.com.ar/buenos-aires/restaurantes/monti-bar-de-pastas
0,Club del Poke,https://www.rappi.com.ar/buenos-aires/restaurantes/club-del-poke
0,Mae sushi,https://www.rappi.com.ar/buenos-aires/restaurantes/mae-sushi
0,American Fish & Chips,https://www.rappi.com.ar/buenos-aires/restaurantes/american-fish-chips
0,Dody,https://www.rappi.com.ar/buenos-aires/restaurantes/dody
0,Gavilán,https://www.rappi.com.ar/buenos-aires/restaurantes/gavilan
0,La Fábrica,https://www.rappi.com.ar/buenos-aires/restaurantes/la-fabrica
0,La Cumbre,https://www.rappi.com.ar/buenos-aires/restaurantes/la-cumbre
0,Pizza Gennova,https://www.rappi.com.ar/buenos-aires/restaurantes/pizza-gennova
0,Bar San Antonio,https://www.rappi.com.ar/buenos-aires/restaurantes/bar-san-antonio
0,Cachito Mío,https://www.rappi.com.ar/buenos-aires/restaurantes/cachito-mio
0,Pizza Gigante,https://www.rappi.com.ar/buenos-aires/restaurantes/pizza-gigante
0,Parfait Tequeños,https://www.rappi.com.ar/buenos-aires/restaurantes/parfait-tequenos
0,Bistro Caribe,https://www.rappi.com.ar/buenos-aires/restaurantes/bistro-caribe
0,Pizza Yerman,https://www.rappi.com.ar/buenos-aires/restaurantes/pizza-yerman
0,Holy Mila,https://www.rappi.com.ar/buenos-aires/restaurantes/holy-mila
0,La Esquina Antigourmet,https://www.rappi.com.ar/buenos-aires/restaurantes/la-esquina-antigourmet
0,Norway Sushi,https://www.rappi.com.ar/buenos-aires/restaurantes/norway-sushi
0,Empanadas Latinas Ba,https://www.rappi.com.ar/buenos-aires/restaurantes/empanadas-latinas-ba
0,Bourbon Ribs,https://www.rappi.com.ar/buenos-aires/restaurantes/bourbon-ribs
0,Al Dente,https://www.rappi.com.ar/buenos-aires/restaurantes/al-dente
0,Pizzeria Maricel,https://www.rappi.com.ar/buenos-aires/restaurantes/pizzeria-maricel
0,TequezuelAR,https://www.rappi.com.ar/buenos-aires/restaurantes/tequezuelar
0,Sifón FT Sede,https://www.rappi.com.ar/buenos-aires/restaurantes/sifon-ft-sede
0,Bar de Fondo,https://www.rappi.com.ar/buenos-aires/restaurantes/bar-de-fondo
0,Pizza Jack,https://www.rappi.com.ar/buenos-aires/restaurantes/pizza-jack
0,Mangiata Trattoria Grigliatta,https://www.rappi.com.ar/buenos-aires/restaurantes/mangiata-trattoria-grigliatta
0,Mandiyú,https://www.rappi.com.ar/buenos-aires/restaurantes/mandiyu
0,Kremowy,https://www.rappi.com.ar/buenos-aires/restaurantes/kremowy
0,Delicity,https://www.rappi.com.ar/buenos-aires/restaurantes/delicity
0,Fuku Burritos & Temakis,https://www.rappi.com.ar/buenos-aires/restaurantes/fuku-burritos-temakis
0,Planes Bistró,https://www.rappi.com.ar/buenos-aires/restaurantes/planes-bistro
0,Tianxia,https://www.rappi.com.ar/buenos-aires/restaurantes/tianxia
0,Choribondi by Gastón Riveira,https://www.rappi.com.ar/buenos-aires/restaurantes/choribondi-by-gaston-riveira
0,Enfundá La Mandolina,https://www.rappi.com.ar/buenos-aires/restaurantes/enfunda-la-mandolina
0,Sánchez & Sánchez,https://www.rappi.com.ar/buenos-aires/restaurantes/sanchez-&-sanchez
0,Brasa Viva,https://www.rappi.com.ar/buenos-aires/restaurantes/brasa-viva
0,Donatella,https://www.rappi.com.ar/buenos-aires/restaurantes/donatella
0,Wok Palermo,https://www.rappi.com.ar/buenos-aires/restaurantes/wok-palermo
0,La Rompe Delivery,https://www.rappi.com.ar/buenos-aires/restaurantes/la-rompe-delivery
0,Pizza Gigante,https://www.rappi.com.ar/buenos-aires/restaurantes/pizza-gigante
0,Springfield Fruit,https://www.rappi.com.ar/buenos-aires/restaurantes/springfield-fruit
0,Milanezzo by Gastón Riveira,https://www.rappi.com.ar/buenos-aires/restaurantes/milanezzo-by-gaston-riveira
0,Tenedor Urbano,https://www.rappi.com.ar/buenos-aires/restaurantes/tenedor-urbano
0,La Milanga de Tony,https://www.rappi.com.ar/buenos-aires/restaurantes/la-milanga-de-tony
0,El Club de la Empanada,https://www.rappi.com.ar/buenos-aires/restaurantes/el-club-de-la-empanada
0,Conchale Vale,https://www.rappi.com.ar/buenos-aires/restaurantes/conchale-vale
0,El Clásico de Quilmes,https://www.rappi.com.ar/buenos-aires/restaurantes/el-clasico-de-quilmes
0,Harper,https://www.rappi.com.ar/buenos-aires/restaurantes/harper
0,Passion Heladeria Artesanal,https://www.rappi.com.ar/buenos-aires/restaurantes/passion-heladeria-artesanal
0,The Coffee Store,https://www.rappi.com.ar/buenos-aires/restaurantes/the-coffee-store
0,Genghis Mongolian Grill,https://www.rappi.com.ar/buenos-aires/restaurantes/genghis-mongolian-grill
0,Tomate Estación de Sabores,https://www.rappi.com.ar/buenos-aires/restaurantes/tomate-estacion-de-sabores
0,Albamonte,https://www.rappi.com.ar/buenos-aires/restaurantes/albamonte
0,Tucson Steakhouse & Ribs,https://www.rappi.com.ar/buenos-aires/restaurantes/tucson-steakhouse-ribs
0,Parrilla Gonzi,https://www.rappi.com.ar/buenos-aires/restaurantes/parrilla-gonzi
0,Sliceberg NY Pizza,https://www.rappi.com.ar/buenos-aires/restaurantes/sliceberg-ny-pizza
0,Co-Pain Boulangerie,https://www.rappi.com.ar/buenos-aires/restaurantes/co-pain-boulangerie
0,Diggs,https://www.rappi.com.ar/buenos-aires/restaurantes/diggs
0,Bulls BBQ Smokehouse,https://www.rappi.com.ar/buenos-aires/restaurantes/bulls-bbq-smokehouse
0,SushiPop.,https://www.rappi.com.ar/buenos-aires/restaurantes/sushipop
0,Cimino R,https://www.rappi.com.ar/buenos-aires/restaurantes/cimino-r
0,Morelia,https://www.rappi.com.ar/buenos-aires/restaurantes/morelia
0,Joker Empanadas Inexplicables,https://www.rappi.com.ar/buenos-aires/restaurantes/joker-empanadas-inexplicables
0,Sanduba,https://www.rappi.com.ar/buenos-aires/restaurantes/sanduba
0,El Tablero,https://www.rappi.com.ar/buenos-aires/restaurantes/el-tablero
0,Arte de Mafia,https://www.rappi.com.ar/buenos-aires/restaurantes/arte-de-mafia
0,Refugio Patagonia,https://www.rappi.com.ar/buenos-aires/restaurantes/refugio-patagonia
0,Club House Burger,https://www.rappi.com.ar/buenos-aires/restaurantes/club-house-burger
0,Bora Sushi,https://www.rappi.com.ar/buenos-aires/restaurantes/bora-sushi
0,I'Wok,https://www.rappi.com.ar/buenos-aires/restaurantes/iwok
0,Helados Per Te,https://www.rappi.com.ar/buenos-aires/restaurantes/helados-per-te
0,Pizzelar,https://www.rappi.com.ar/buenos-aires/restaurantes/pizzelar
0,Green Eat Sushi & Poke,https://www.rappi.com.ar/buenos-aires/restaurantes/green-eat-sushi-poke
0,Boken,https://www.rappi.com.ar/buenos-aires/restaurantes/boken
0,SushiLovers,https://www.rappi.com.ar/buenos-aires/restaurantes/sushilovers
0,Heladería Artesanal,https://www.rappi.com.ar/buenos-aires/restaurantes/heladeria-artesanal
0,Tonny's Pizza,https://www.rappi.com.ar/buenos-aires/restaurantes/tony-pizzas
0,Tutto Tuto,https://www.rappi.com.ar/buenos-aires/restaurantes/tutto-tuto
0,Maika Berries Patagónicos,https://www.rappi.com.ar/buenos-aires/restaurantes/maika-berries-patagonicos
0,La Tablita,https://www.rappi.com.ar/buenos-aires/restaurantes/la-tablita
0,Pizzeria Cambalache,https://www.rappi.com.ar/buenos-aires/restaurantes/pizzeria-cambalache
0,Rock and Ribs,https://www.rappi.com.ar/buenos-aires/restaurantes/rock-and-ribs
0,El Club Bar,https://www.rappi.com.ar/buenos-aires/restaurantes/el-club-bar
0,Burger World,https://www.rappi.com.ar/buenos-aires/restaurantes/burger-world
0,Ruda Bar,https://www.rappi.com.ar/buenos-aires/restaurantes/ruda-bar
0,Cervecería Peña,https://www.rappi.com.ar/buenos-aires/restaurantes/cerveceria-pena
0,Málaga Helados,https://www.rappi.com.ar/buenos-aires/restaurantes/malaga-helados
0,Pocket Cakes,https://www.rappi.com.ar/buenos-aires/restaurantes/pocket-cakes
0,Who Bar Hamburguesas,https://www.rappi.com.ar/buenos-aires/restaurantes/who-bar-hamburguesas
0,Choppería Pizza y Birra,https://www.rappi.com.ar/buenos-aires/restaurantes/chopperia-pizza-y-birra
0,Street Food,https://www.rappi.com.ar/buenos-aires/restaurantes/street-food
0,Heladería Francesco,https://www.rappi.com.ar/buenos-aires/restaurantes/heladeria-francesco
0,Sam Burger,https://www.rappi.com.ar/buenos-aires/restaurantes/sam-burger
0,Pizzería La Negrita,https://www.rappi.com.ar/buenos-aires/restaurantes/pizzeria-la-negrita
0,Kong Asian Street Food,https://www.rappi.com.ar/buenos-aires/restaurantes/kong-asian-street-food
0,El Purgatorio,https://www.rappi.com.ar/buenos-aires/restaurantes/el-purgatorio
0,Bastón Espada,https://www.rappi.com.ar/buenos-aires/restaurantes/baston-espada
0,La Huichula,https://www.rappi.com.ar/buenos-aires/restaurantes/la-huichula
0,Joe's Burger,https://www.rappi.com.ar/buenos-aires/restaurantes/joes-burger
0,Gordo Vegano,https://www.rappi.com.ar/buenos-aires/restaurantes/gordo-vegano
0,Homemade Food Ar,https://www.rappi.com.ar/buenos-aires/restaurantes/homemade-food-ar
0,Solana Ferrer Pastelería,https://www.rappi.com.ar/buenos-aires/restaurantes/solana-ferrer-pasteleria
0,FEA!,https://www.rappi.com.ar/buenos-aires/restaurantes/fea
0,Belisario Roldán,https://www.rappi.com.ar/buenos-aires/restaurantes/belisario-roldan
0,El Recreo,https://www.rappi.com.ar/buenos-aires/restaurantes/el-recreo
0,Kiosco de Helados Clem,https://www.rappi.com.ar/buenos-aires/restaurantes/kiosco-de-helados-clem
0,Luda Bar,https://www.rappi.com.ar/buenos-aires/restaurantes/luda-bar
0,Wunderbar,https://www.rappi.com.ar/buenos-aires/restaurantes/wunderbar
0,La Tornería de Camila,https://www.rappi.com.ar/buenos-aires/restaurantes/la-torneria-de-camila
0,Byra,https://www.rappi.com.ar/buenos-aires/restaurantes/byra
0,Crazy Wings,https://www.rappi.com.ar/buenos-aires/restaurantes/crazy-wings
0,Tom Chicken,https://www.rappi.com.ar/buenos-aires/restaurantes/tom-chicken
0,La Choppería Palermo,https://www.rappi.com.ar/buenos-aires/restaurantes/la-chopperia-palermo
0,Trova,https://www.rappi.com.ar/buenos-aires/restaurantes/trova
0,Salto Ángel,https://www.rappi.com.ar/buenos-aires/restaurantes/salto-angel
0,Deli Burguer Gourmet,https://www.rappi.com.ar/buenos-aires/restaurantes/deli-burguer-gourmet
0,Bar & Burger,https://www.rappi.com.ar/buenos-aires/restaurantes/bar-burger
0,Moratto,https://www.rappi.com.ar/buenos-aires/restaurantes/moratto
0,Negroni,https://www.rappi.com.ar/buenos-aires/restaurantes/negroni
0,Rayadas Milanesas,https://www.rappi.com.ar/buenos-aires/restaurantes/rayadas-milanesas
0,Vacuum Grill,https://www.rappi.com.ar/buenos-aires/restaurantes/vacuum-grill
0,Three Beers,https://www.rappi.com.ar/buenos-aires/restaurantes/three-beers
0,Sabés que sí! Helados,https://www.rappi.com.ar/buenos-aires/restaurantes/sabes-que-si!-helados
0,Arepera Miss Venezuela,https://www.rappi.com.ar/buenos-aires/restaurantes/arepera-miss-venezuela
0,Antiche Tentazioni,https://www.rappi.com.ar/buenos-aires/restaurantes/antiche-tentazioni
0,Nikki's Tacos,https://www.rappi.com.ar/buenos-aires/restaurantes/nikkis-tacos
0,Power Wings,https://www.rappi.com.ar/buenos-aires/restaurantes/power-wings---av-cordoba
0,Como Como Empanadas,https://www.rappi.com.ar/buenos-aires/restaurantes/como-como-empanadas
0,Pentos,https://www.rappi.com.ar/buenos-aires/restaurantes/pentos
0,Acai Concept,https://www.rappi.com.ar/buenos-aires/restaurantes/acai-concept
0,Sakura,https://www.rappi.com.ar/buenos-aires/restaurantes/sakura
0,Atte Pizzeria Napoletana,https://www.rappi.com.ar/buenos-aires/restaurantes/atte-pizzeria-napoletana
0,Kuroi Sushi,https://www.rappi.com.ar/buenos-aires/restaurantes/kuroi-sushi
0,Clot Bar,https://www.rappi.com.ar/buenos-aires/restaurantes/clot-bar
0,Teque Wafles,https://www.rappi.com.ar/buenos-aires/restaurantes/teque-wafles
0,Tiberio Ribs Burgers,https://www.rappi.com.ar/buenos-aires/restaurantes/tiberio-ribs-burgers
0,Jerome,https://www.rappi.com.ar/buenos-aires/restaurantes/jerome
0,Bar Barril,https://www.rappi.com.ar/buenos-aires/restaurantes/bar-barril
0,Palitos y Wok,https://www.rappi.com.ar/buenos-aires/restaurantes/palitos-y-wok
0,Pizzas Morchis,https://www.rappi.com.ar/buenos-aires/restaurantes/pizzas-morchis
0,Neko Sushi,https://www.rappi.com.ar/buenos-aires/restaurantes/neko-sushi
0,Sr Milanga,https://www.rappi.com.ar/buenos-aires/restaurantes/sr-milanga
0,Ajo Negro,https://www.rappi.com.ar/buenos-aires/restaurantes/ajo-negro
0,El Hambriento Juan,https://www.rappi.com.ar/buenos-aires/restaurantes/el-hambriento-juan
0,Más Broaster,https://www.rappi.com.ar/buenos-aires/restaurantes/mas-broaster
0,Vegan Sushi,https://www.rappi.com.ar/buenos-aires/restaurantes/vegan-sushi
0,Labor Rotisería,https://www.rappi.com.ar/buenos-aires/restaurantes/labor-rotiseria
0,Hops Cerveza Artesanal,https://www.rappi.com.ar/buenos-aires/restaurantes/hops-cerveza-artesanal
0,Sushi Dag Belgrano,https://www.rappi.com.ar/buenos-aires/restaurantes/sushi-dag-belgrano
0,Dark Burga,https://www.rappi.com.ar/buenos-aires/restaurantes/dark-burga---arenales
0,Power Up Pizza,https://www.rappi.com.ar/buenos-aires/restaurantes/power-up-pizza
0,HamburGinza,https://www.rappi.com.ar/buenos-aires/restaurantes/hamburginza
0,Xalapa,https://www.rappi.com.ar/buenos-aires/restaurantes/xalapa
0,7030 Beer House,https://www.rappi.com.ar/buenos-aires/restaurantes/7030-beer-house
0,Soler Vino Pizza,https://www.rappi.com.ar/buenos-aires/restaurantes/soler-vino-y-pizza
0,Destino Reto,https://www.rappi.com.ar/buenos-aires/restaurantes/destino-reto
0,Vico Wine Bar,https://www.rappi.com.ar/buenos-aires/restaurantes/vico-wine-bar
0,Grizzly Beer Camp,https://www.rappi.com.ar/buenos-aires/restaurantes/grizzly-beer-camp
0,Lo de Bebe,https://www.rappi.com.ar/buenos-aires/restaurantes/lo-de-bebe
0,Tequenios,https://www.rappi.com.ar/buenos-aires/restaurantes/tequenios
0,Buena Birra Social Club,https://www.rappi.com.ar/buenos-aires/restaurantes/buena-birra-social-club
0,Bach Bar,https://www.rappi.com.ar/buenos-aires/restaurantes/bach-bar
0,Pica Para Mí,https://www.rappi.com.ar/buenos-aires/restaurantes/pica-para-mi
0,Señor Wraps,https://www.rappi.com.ar/buenos-aires/restaurantes/senor-wraps
0,Good Mini Calzone,https://www.rappi.com.ar/buenos-aires/restaurantes/good-mini-calzone
0,París Burger,https://www.rappi.com.ar/buenos-aires/restaurantes/paris-burger
0,Becha,https://www.rappi.com.ar/buenos-aires/restaurantes/becha
0,La Plazoleta,https://www.rappi.com.ar/buenos-aires/restaurantes/la-plazoleta
0,Federal Cervecería,https://www.rappi.com.ar/buenos-aires/restaurantes/federal-cerveceria
0,Estación Cabrera,https://www.rappi.com.ar/buenos-aires/restaurantes/estacion-cabrera
0,Vagón del Sushi,https://www.rappi.com.ar/buenos-aires/restaurantes/vagon-del-sushi
0,Tandoor,https://www.rappi.com.ar/buenos-aires/restaurantes/tandoor
0,Xristo Sushi,https://www.rappi.com.ar/buenos-aires/restaurantes/xristo-sushi
0,Mateos.,https://www.rappi.com.ar/buenos-aires/restaurantes/mateos
0,San Paolo Pizzería,https://www.rappi.com.ar/buenos-aires/restaurantes/san-paolo-pizzeria
0,La Fernetería,https://www.rappi.com.ar/buenos-aires/restaurantes/la-ferneteria
0,Sushi Mas,https://www.rappi.com.ar/buenos-aires/restaurantes/sushi-mas
0,Koh Lanta,https://www.rappi.com.ar/buenos-aires/restaurantes/koh-lanta
0,Aroha Cervecería,https://www.rappi.com.ar/buenos-aires/restaurantes/aroha-cerveceria
0,Gran Parrilla Lo de Jaime,https://www.rappi.com.ar/buenos-aires/restaurantes/gran-parrilla-lo-de-jaime
0,Cervecería IPA,https://www.rappi.com.ar/buenos-aires/restaurantes/cerveceria-ipa
0,Hamburgueseria Dhervi,https://www.rappi.com.ar/buenos-aires/restaurantes/hamburgueseria-dhervi
0,Hestia,https://www.rappi.com.ar/buenos-aires/restaurantes/hestia
0,Chihuahua Tex-Mex Food,https://www.rappi.com.ar/buenos-aires/restaurantes/chihuahua-texmex-food
0,Flodeis,https://www.rappi.com.ar/buenos-aires/restaurantes/flodeis
0,Growlers,https://www.rappi.com.ar/buenos-aires/restaurantes/growlers
0,Hola Jacoba Cocina Judía,https://www.rappi.com.ar/buenos-aires/restaurantes/hola-jacoba-cocina-judia
0,Alchemy,https://www.rappi.com.ar/buenos-aires/restaurantes/alchemy
0,Bunka Sushi,https://www.rappi.com.ar/buenos-aires/restaurantes/bunka-sushi
0,Komyun,https://www.rappi.com.ar/buenos-aires/restaurantes/komyun
0,Peñón del Águila,https://www.rappi.com.ar/buenos-aires/restaurantes/penon-del-aguila
0,Sushi Prem,https://www.rappi.com.ar/buenos-aires/restaurantes/sushi-prem
0,Kenko Sushi,https://www.rappi.com.ar/buenos-aires/restaurantes/kenko-sushi
0,Sushi Rock,https://www.rappi.com.ar/buenos-aires/restaurantes/sushi-rock
0,Army,https://www.rappi.com.ar/buenos-aires/restaurantes/army
0,Distrito Burger,https://www.rappi.com.ar/buenos-aires/restaurantes/distrito-burger
0,Punch Curry,https://www.rappi.com.ar/buenos-aires/restaurantes/punch-curry
0,Elebar,https://www.rappi.com.ar/buenos-aires/restaurantes/elebar
0,Cervecería Rojas,https://www.rappi.com.ar/buenos-aires/restaurantes/cerveceria-rojas
0,El Candil,https://www.rappi.com.ar/buenos-aires/restaurantes/el-candil
0,Slainte Irish Pub,https://www.rappi.com.ar/buenos-aires/restaurantes/slainte-irish-pub
0,Pizzería Angelin,https://www.rappi.com.ar/buenos-aires/restaurantes/pizzeria-angelin
0,Namida Nikkei,https://www.rappi.com.ar/buenos-aires/restaurantes/namida-nikkei
0,La Causa Nikkei,https://www.rappi.com.ar/buenos-aires/restaurantes/la-causa-nikkei
0,Comunidad 7630,https://www.rappi.com.ar/buenos-aires/restaurantes/comunidad-7630
0,Birra Chica,https://www.rappi.com.ar/buenos-aires/restaurantes/birra-chica
0,Poke,https://www.rappi.com.ar/buenos-aires/restaurantes/poke
0,Capital Pizza,https://www.rappi.com.ar/buenos-aires/restaurantes/capital-pizza
0,Mostachole Empanadas Gourmet,https://www.rappi.com.ar/buenos-aires/restaurantes/mostachole-empanadas-gourmet
0,Barbaco Bar,https://www.rappi.com.ar/buenos-aires/restaurantes/barbaco-bar
0,Homero Canastitas,https://www.rappi.com.ar/buenos-aires/restaurantes/homero-canastitas
0,El Jardín de las Empanadas,https://www.rappi.com.ar/buenos-aires/restaurantes/el-jardin-de-las-empanadas
0,El Jardín de las Pizzas,https://www.rappi.com.ar/buenos-aires/restaurantes/el-jardin-de-las-pizzas
0,Cynnamomrolls,https://www.rappi.com.ar/buenos-aires/restaurantes/cynnamomrolls
0,Don Antonio Pizzas y Empanadas,https://www.rappi.com.ar/buenos-aires/restaurantes/don-antonio-pizzas-y-empanadas
0,Pimienta's,https://www.rappi.com.ar/buenos-aires/restaurantes/pimientas
0,Maldito Tano,https://www.rappi.com.ar/buenos-aires/restaurantes/maldito-tano
0,Bali Helados,https://www.rappi.com.ar/buenos-aires/restaurantes/bali-helados
0,La Gelatería,https://www.rappi.com.ar/buenos-aires/restaurantes/la-gelateria
0,IC Pastry,https://www.rappi.com.ar/buenos-aires/restaurantes/ic-pastry
0,Colombia Pizza - Cúcara Mácara,https://www.rappi.com.ar/buenos-aires/restaurantes/colombia-pizza-cucara-macara
0,Don Vito Burger,https://www.rappi.com.ar/buenos-aires/restaurantes/don-vito-calzone
0,Birrería Mochima,https://www.rappi.com.ar/buenos-aires/restaurantes/birreria-mochima
0,El Galpón de Tacuara,https://www.rappi.com.ar/buenos-aires/restaurantes/el-galpon-de-tacuara
0,La Taguara,https://www.rappi.com.ar/buenos-aires/restaurantes/la-taguara
0,Japo Sushi,https://www.rappi.com.ar/buenos-aires/restaurantes/japo-sushi
0,The Rolling Subs & Salads,https://www.rappi.com.ar/buenos-aires/restaurantes/the-rolling-subs-salads
0,Slices American Pizza,https://www.rappi.com.ar/buenos-aires/restaurantes/slices-american-pizza
0,Roots Carnes y Vinos,https://www.rappi.com.ar/buenos-aires/restaurantes/roots-carnes-y-vinos
0,Épico Bar,https://www.rappi.com.ar/buenos-aires/restaurantes/epico-bar
0,Sushi TEk,https://www.rappi.com.ar/buenos-aires/restaurantes/sushi-tek
0,Ainara Helados,https://www.rappi.com.ar/buenos-aires/restaurantes/ainara-helados
0,Josinerias,https://www.rappi.com.ar/buenos-aires/restaurantes/josinerias
0,Quiero Pizza,https://www.rappi.com.ar/buenos-aires/restaurantes/quiero-pizza
0,Burger and Fried Factory,https://www.rappi.com.ar/buenos-aires/restaurantes/burger-and-fried-factory
0,Latinos Dog and Burger,https://www.rappi.com.ar/buenos-aires/restaurantes/latinos-dog-and-burger
0,Santa Cebada,https://www.rappi.com.ar/buenos-aires/restaurantes/santa-cebada
0,Enfrascados,https://www.rappi.com.ar/buenos-aires/restaurantes/enfrascados
0,Niño Gordo,https://www.rappi.com.ar/buenos-aires/restaurantes/nino-gordo
0,La Carnicería,https://www.rappi.com.ar/buenos-aires/restaurantes/la-carniceria
0,Charlie Hops,https://www.rappi.com.ar/buenos-aires/restaurantes/charlie-hops
0,John's Smoke House,https://www.rappi.com.ar/buenos-aires/restaurantes/johns-smoke-house
0,Taberna Odín,https://www.rappi.com.ar/buenos-aires/restaurantes/taberna-odin
0,Crónico Bar,https://www.rappi.com.ar/buenos-aires/restaurantes/cronico-bar
0,Jiro Sushi,https://www.rappi.com.ar/buenos-aires/restaurantes/jiro-sushi
0,Mis Mulas Cervecería,https://www.rappi.com.ar/buenos-aires/restaurantes/mis-mulas-cerveceria
0,Sipan,https://www.rappi.com.ar/buenos-aires/restaurantes/sipan
0,TWB - The Wine Bar - Palermo,https://www.rappi.com.ar/buenos-aires/restaurantes/twb-the-wine-bar-palermo
0,Il Vero Arturito,https://www.rappi.com.ar/buenos-aires/restaurantes/il-vero-arturito
0,Guapaletas,https://www.rappi.com.ar/buenos-aires/restaurantes/guapaletas
0,Green Bamboo,https://www.rappi.com.ar/buenos-aires/restaurantes/green-bamboo
0,Palenque,https://www.rappi.com.ar/buenos-aires/restaurantes/palenque
0,La Birra Bar,https://www.rappi.com.ar/buenos-aires/restaurantes/la-birra-bar
0,Jardín Japonés,https://www.rappi.com.ar/buenos-aires/restaurantes/jardin-japones
0,Cantina Sunae,https://www.rappi.com.ar/buenos-aires/restaurantes/cantina-sunae
0,Casa Barro,https://www.rappi.com.ar/buenos-aires/restaurantes/casa-barro
0,L' Adesso,https://www.rappi.com.ar/buenos-aires/restaurantes/l-adesso
0,Glück,https://www.rappi.com.ar/buenos-aires/restaurantes/gluck
0,Mamaguille's,https://www.rappi.com.ar/buenos-aires/restaurantes/mamaguilles
0,Wakala Taste,https://www.rappi.com.ar/buenos-aires/restaurantes/wakala-taste
0,La Birrería,https://www.rappi.com.ar/buenos-aires/restaurantes/la-birreria
0,Primitivo Beer,https://www.rappi.com.ar/buenos-aires/restaurantes/primitivo-beer
0,Food Box,https://www.rappi.com.ar/buenos-aires/restaurantes/food-box
0,Los Caminantes,https://www.rappi.com.ar/buenos-aires/restaurantes/los-caminantes
0,Morfi & Co,https://www.rappi.com.ar/buenos-aires/restaurantes/morfi-&-co
0,Alchemy Pastry,https://www.rappi.com.ar/buenos-aires/restaurantes/alchemy-pastry
0,Itálica pizzas y empanadas,https://www.rappi.com.ar/buenos-aires/restaurantes/italica-pizzas-y-empanadas
0,Haulani Vegan Creamery,https://www.rappi.com.ar/buenos-aires/restaurantes/haulani-vegan-creamery
0,capital burger humahuaca,https://www.rappi.com.ar/buenos-aires/restaurantes/capital-burger-humahuaca
0,Afro Burger,https://www.rappi.com.ar/buenos-aires/restaurantes/afro-burger
0,Heladería Venezia & Roma,https://www.rappi.com.ar/buenos-aires/restaurantes/heladeria-venezia&roma
0,Comida Árabe Almagro,https://www.rappi.com.ar/buenos-aires/restaurantes/comida-arabe-almagro
0,Goddo vegan food,https://www.rappi.com.ar/buenos-aires/restaurantes/goddo-vegan-food
0,Waffles Factory,https://www.rappi.com.ar/buenos-aires/restaurantes/waffles-factory
0,Casa Colombo,https://www.rappi.com.ar/buenos-aires/restaurantes/casa-colombo
0,Vicenta Empanadas,https://www.rappi.com.ar/buenos-aires/restaurantes/vicenta-empanadas
0,SUSHI BORIS,https://www.rappi.com.ar/buenos-aires/restaurantes/sushi-boris
0,Planta Base,https://www.rappi.com.ar/buenos-aires/restaurantes/planta-base
0,Maus,https://www.rappi.com.ar/buenos-aires/restaurantes/maus
0,Lupita,https://www.rappi.com.ar/buenos-aires/restaurantes/lupita
0,Sushi Kudaomakase,https://www.rappi.com.ar/buenos-aires/restaurantes/sushi-kudaomakase
0,Oviedo Bodegon de Palermo,https://www.rappi.com.ar/buenos-aires/restaurantes/oviedo-bodegon-de-palermo
0,Matsu,https://www.rappi.com.ar/buenos-aires/restaurantes/matsu
0,Slows Cocción Lenta,https://www.rappi.com.ar/buenos-aires/restaurantes/slows-coccion-lenta
0,Vegan Appetite - Sushi Based Plant,https://www.rappi.com.ar/buenos-aires/restaurantes/vegan-appetite-sushi-based-plant
0,Taco Express,https://www.rappi.com.ar/buenos-aires/restaurantes/taco-express
