tkt.ge,sourcing_tkt.ge,რესტორანი ფუნიკულიორი,NA,Georgia,NA,NA,"მთაწმინდის პლატო, თბილისი",NA,NA,NA,NA,NA,NA,https://tkt.ge/,https://tkt.ge/restaurants/235945,11:00 - 20:00,NA,NA
tkt.ge,sourcing_tkt.ge,აზიური რესტორანი უმამი,NA,Georgia,NA,NA,"ვარდების რევოლუციის მოედანი 1, თბილისი",NA,NA,NA,NA,NA,NA,https://tkt.ge/,https://tkt.ge/restaurants/235946,11:00 - 00:00,NA,NA
tkt.ge,sourcing_tkt.ge,იტალიური რესტორანი ფილინი,NA,Georgia,NA,NA,"ვარდების რევოლუციის მოედანი 1, თბილისი",NA,NA,NA,NA,NA,NA,https://tkt.ge/,https://tkt.ge/restaurants/235934,11:00 - 00:00,NA,NA
tkt.ge,sourcing_tkt.ge,ეთნო წისქვილი,NA,Georgia,NA,NA,"ბელიაშვილის ქ. 99, თბილისი",NA,NA,NA,NA,NA,NA,https://tkt.ge/,https://tkt.ge/restaurants/235952,11:00 - 22:00,NA,NA
tkt.ge,sourcing_tkt.ge,ჭაშნაგირი ნატახტარში,NA,Georgia,NA,NA,ნატახტარი,NA,NA,NA,NA,NA,NA,https://tkt.ge/,https://tkt.ge/restaurants/235955,10:00 - 23:00,NA,NA
tkt.ge,sourcing_tkt.ge,El Centro,NA,Georgia,NA,NA,"ბამბის რიგის ქუჩა, თბილისი",NA,NA,NA,NA,NA,NA,https://tkt.ge/,https://tkt.ge/restaurants/235960,13:00 - 05:00,NA,NA
tkt.ge,sourcing_tkt.ge,ჰოტელ კოსტე,NA,Georgia,NA,NA,"მერაბ კოსტავას ქ. 43-45, თბილისი",NA,NA,NA,NA,NA,NA,https://tkt.ge/,https://tkt.ge/restaurants/235949,10:00 - 00:00,NA,NA
tkt.ge,sourcing_tkt.ge,ჭაშნაგირი ბელიაშვილზე,NA,Georgia,NA,NA,"ბელიაშვილის ქ. 74, თბილისი",NA,NA,NA,NA,NA,NA,https://tkt.ge/,https://tkt.ge/restaurants/235964,09:00 - 00:00,NA,NA
tkt.ge,sourcing_tkt.ge,ლუდის მოედანი,NA,Georgia,NA,NA,"ბელიაშვილის ქ. 99, თბილისი",NA,NA,NA,NA,NA,NA,https://tkt.ge/,https://tkt.ge/restaurants/235965,09:00 - 00:00,NA,NA
tkt.ge,sourcing_tkt.ge,წისქვილი წყნეთში,NA,Georgia,NA,NA,"რუსთაველის ქ. 10, წყნეთი",NA,NA,NA,NA,NA,NA,https://tkt.ge/,https://tkt.ge/restaurants/235970,10:00 - 01:00,NA,NA
tkt.ge,sourcing_tkt.ge,ჩემო კარგოს ქარხანა,NA,Georgia,NA,NA,"აკაკი ბელიაშვილის ქ. 25, თბილისი",NA,NA,NA,NA,NA,NA,https://tkt.ge/,https://tkt.ge/restaurants/235971,10:00 - 11:00,NA,NA
tkt.ge,sourcing_tkt.ge,Cafe Museum,NA,Georgia,NA,NA,"სულხან-საბა ორბელიანის ქ. 10, თბილისი",NA,NA,NA,NA,NA,NA,https://tkt.ge/,https://tkt.ge/restaurants/235972,11:30 - 22:30,NA,NA
tkt.ge,sourcing_tkt.ge,სირაჯხანა,NA,Georgia,NA,NA,"სულხან-საბა ორბელიანის ქ. 10, თბილისი",NA,NA,NA,NA,NA,NA,https://tkt.ge/,https://tkt.ge/restaurants/235974,10:30 - 21:30,NA,NA
tkt.ge,sourcing_tkt.ge,რესტორანი შარბათი,NA,Georgia,NA,NA,"დავით აღმაშენებლის ხეივანი, მე-13 კმ., თბილისი",NA,NA,NA,NA,NA,NA,https://tkt.ge/,https://tkt.ge/restaurants/235980,09:30 - 02:00,NA,NA
tkt.ge,sourcing_tkt.ge,სოფია მელნიკოვას ფანტასტიური დუქანი,NA,Georgia,NA,NA,"თაბუკაშვილის ქ. 22, თბილისი",NA,NA,NA,NA,NA,NA,https://tkt.ge/,https://tkt.ge/restaurants/235979,12:00 - 01:00,NA,NA
tkt.ge,sourcing_tkt.ge,წისქვილი ვაკეში,NA,Georgia,NA,NA,"ილია ჭავჭავაძის გამზ. 75, თბილისი",NA,NA,NA,NA,NA,NA,https://tkt.ge/,https://tkt.ge/restaurants/235984,10:00 - 01:00,NA,NA
tkt.ge,sourcing_tkt.ge,დოლაბაური ვერანადა,NA,Georgia,NA,NA,"დოლაბაურის ქ. 1ა, თბილისი",NA,NA,NA,NA,NA,NA,https://tkt.ge/,https://tkt.ge/restaurants/235990,18:00 - 22:00,NA,NA
tkt.ge,sourcing_tkt.ge,ბადაგონის სახლი,NA,Georgia,NA,NA,"თავისუფლების მოედანი 4, თბილისი",NA,NA,NA,NA,NA,NA,https://tkt.ge/,https://tkt.ge/restaurants/235991,12:00 - 23:00,NA,NA
tkt.ge,sourcing_tkt.ge,ჩემო კარგო გლდანში,NA,Georgia,NA,NA,"ომარ ხიზანიშვილის ქ. 41, თბილისი",NA,NA,NA,NA,NA,NA,https://tkt.ge/,https://tkt.ge/restaurants/235999,10:00 - 23:00,NA,NA
tkt.ge,sourcing_tkt.ge,The Roof Terrace,NA,Georgia,NA,NA,"გიორგი სააკაძის დაღმართი, თბილისი",NA,NA,NA,NA,NA,NA,https://tkt.ge/,https://tkt.ge/restaurants/236037,21:00 - 04:00,NA,NA
tkt.ge,sourcing_tkt.ge,ეთნოგრაფი,NA,Georgia,NA,NA,"ბელიაშვილის ქ. 105, თბილისი",NA,NA,NA,NA,NA,NA,https://tkt.ge/,https://tkt.ge/restaurants/236071,11:00 - 00:00,NA,NA
tkt.ge,sourcing_tkt.ge,ბარბარ'ა,NA,Georgia,NA,NA,"კოტე აფხაზის ქ. 33, თბილისი",NA,NA,NA,NA,NA,NA,https://tkt.ge/,https://tkt.ge/restaurants/236372,17:00 - 05:00,NA,NA
tkt.ge,sourcing_tkt.ge,Taglaura | თაღლაურა,NA,Georgia,NA,NA,"მტკვრის მარჯვენა სანაპირო,ვახუშტი ბაგრატიონის ხიდი,თბილისი,საქართველო",NA,NA,NA,NA,NA,NA,https://tkt.ge/,https://tkt.ge/restaurants/236373,11:00 - 00:00,NA,NA
tkt.ge,sourcing_tkt.ge,Bina 37/ბინა 37,NA,Georgia,NA,NA,mgaloblishvili 5a,NA,NA,NA,NA,NA,NA,https://tkt.ge/,https://tkt.ge/restaurants/236374,13:00 - 23:00,NA,NA
tkt.ge,sourcing_tkt.ge,მეგრული სახლი ვაკე | Megruli Sakhli Vake,NA,Georgia,NA,NA,13 ილო მოსაშვილის ქ. თბილისი,NA,NA,NA,NA,NA,NA,https://tkt.ge/,https://tkt.ge/restaurants/236375,11:00 - 23:00,NA,NA
tkt.ge,sourcing_tkt.ge,ბილი ბერკის ირლანდიური პაბი | Billy Burker’s Irish Pub,NA,Georgia,NA,NA,"მერაბ კოსტავას 77, თბილისი",NA,NA,NA,NA,NA,NA,https://tkt.ge/,https://tkt.ge/restaurants/236376,10:00 - 00:00,NA,NA
tkt.ge,sourcing_tkt.ge,ფრაგოლა | Fragola,NA,Georgia,NA,NA,"N2 ალექსანდრე ყაზბეგი,თბილისი",NA,NA,NA,NA,NA,NA,https://tkt.ge/,https://tkt.ge/restaurants/236377,10:00 - 00:00,NA,NA
tkt.ge,sourcing_tkt.ge,ლისი ლაუნჯი | Lisi Lounge,NA,Georgia,NA,NA,"ლისის ტბა, თბილისი",NA,NA,NA,NA,NA,NA,https://tkt.ge/,https://tkt.ge/restaurants/236379,12:00 - 00:00,NA,NA
tkt.ge,sourcing_tkt.ge,ძველი ქალაქის გალავანი | Old City Wall,NA,Georgia,NA,NA,"ბარათაშვილის 1,თბილისი,",NA,NA,NA,NA,NA,NA,https://tkt.ge/,https://tkt.ge/restaurants/236380,12:00 - 23:30,NA,NA
tkt.ge,sourcing_tkt.ge,ღუმელი | GHUMELI,NA,Georgia,NA,NA,"10 Mikheil Lermontovi St, T'bilisi, Georgia",NA,NA,NA,NA,NA,NA,https://tkt.ge/,https://tkt.ge/restaurants/236381,18:00 - 02:00,NA,NA
tkt.ge,sourcing_tkt.ge,სოფია მელნიკოვის ფანტასტიკური დუქანი | Sofia Melnikova’s Fantastic Douqan,NA,Georgia,NA,NA,"22 რევაზ თაბუკაშვილის ქუჩა, თბილისი",NA,NA,NA,NA,NA,NA,https://tkt.ge/,https://tkt.ge/restaurants/236382,12:00 - 02:00,NA,NA
tkt.ge,sourcing_tkt.ge,კაფე თეიქ ფაივ | Cafe Take Five,NA,Georgia,NA,NA,"ლისის ტბა, თბილისი",NA,NA,NA,NA,NA,NA,https://tkt.ge/,https://tkt.ge/restaurants/236383,14:00 - 00:00,NA,NA
tkt.ge,sourcing_tkt.ge,თბილი სიო | Tbili Sio,NA,Georgia,NA,NA,1 პეტრიაშვილის ქ. თბილისი,NA,NA,NA,NA,NA,NA,https://tkt.ge/,https://tkt.ge/restaurants/236384,12:00 - 02:00,NA,NA
tkt.ge,sourcing_tkt.ge,მეგრული ოდა | Megruli Oda,NA,Georgia,NA,NA,მარშალ გელოვანის მე-2 კმ,NA,NA,NA,NA,NA,NA,https://tkt.ge/,https://tkt.ge/restaurants/236385,10:00 - 23:00,NA,NA
tkt.ge,sourcing_tkt.ge,ათონელი | Atoneli,NA,Georgia,NA,NA,2/9 ივანე მაჩაბელის ქ. თბილისი,NA,NA,NA,NA,NA,NA,https://tkt.ge/,https://tkt.ge/restaurants/236386,19:00 - 02:00,NA,NA
tkt.ge,sourcing_tkt.ge,სოდამ კორეული რესტორანი | Sodam Korean Restaurant,NA,Georgia,NA,NA,გიორგი ახვლედიანის 7,NA,NA,NA,NA,NA,NA,https://tkt.ge/,https://tkt.ge/restaurants/236387,12:00 - 23:45,NA,NA
tkt.ge,sourcing_tkt.ge,აკადემია ლაუნჯ რესტორანი | Academy Lounge  Restaurant,NA,Georgia,NA,NA,"შოთა რუსთაველის გამზირი 27/2, თბილისი",NA,NA,NA,NA,NA,NA,https://tkt.ge/,https://tkt.ge/restaurants/236388,11:30 - 02:00,NA,NA
tkt.ge,sourcing_tkt.ge,ტოკიო ჰაუსი | Tokyo House,NA,Georgia,NA,NA,1 ხიმშიაშვილის ქ. თბილისი,NA,NA,NA,NA,NA,NA,https://tkt.ge/,https://tkt.ge/restaurants/236389,12:00 - 00:00,NA,NA
tkt.ge,sourcing_tkt.ge,ამირა | Amira,NA,Georgia,NA,NA,"ილო მოსაშვილის 24, თბილისი",NA,NA,NA,NA,NA,NA,https://tkt.ge/,https://tkt.ge/restaurants/236391,11:30 - 23:45,NA,NA
tkt.ge,sourcing_tkt.ge,ფიშ & ვაინ | Fish & Wine,NA,Georgia,NA,NA,60 Paliashvili Str. Tbilisi,NA,NA,NA,NA,NA,NA,https://tkt.ge/,https://tkt.ge/restaurants/236393,12:00 - 00:00,NA,NA
tkt.ge,sourcing_tkt.ge,სოდა ბარი | Soda bar,NA,Georgia,NA,NA,"20 შალვა დადიანი,თბილისი",NA,NA,NA,NA,NA,NA,https://tkt.ge/,https://tkt.ge/restaurants/236394,12:00 - 00:00,NA,NA
tkt.ge,sourcing_tkt.ge,აურა | Aura,NA,Georgia,NA,NA,"8 საკანდელიძის ქ,თბილისი",NA,NA,NA,NA,NA,NA,https://tkt.ge/,https://tkt.ge/restaurants/236395,11:00 - 01:00,NA,NA
tkt.ge,sourcing_tkt.ge,ბიგ ბარი | Big Bar,NA,Georgia,NA,NA,"27 დავით აღმაშენებელი,თბილისი",NA,NA,NA,NA,NA,NA,https://tkt.ge/,https://tkt.ge/restaurants/236396,11:00 - 02:00,NA,NA
tkt.ge,sourcing_tkt.ge,გინესი | Guinness,NA,Georgia,NA,NA,"კუს ტბა, თბილისი",NA,NA,NA,NA,NA,NA,https://tkt.ge/,https://tkt.ge/restaurants/236398,11:00 - 00:00,NA,NA
tkt.ge,sourcing_tkt.ge,ვარშტეინერი | Warsteiner biers,NA,Georgia,NA,NA,"12 სულხან ცინცაძის ქუჩა, თბილისი",NA,NA,NA,NA,NA,NA,https://tkt.ge/,https://tkt.ge/restaurants/236399,11:00 - 23:30,NA,NA
tkt.ge,sourcing_tkt.ge,ტერასა 36 | Terrace36,NA,Georgia,NA,NA,"36 დავით აღმაშენებელი,თბილისი",NA,NA,NA,NA,NA,NA,https://tkt.ge/,https://tkt.ge/restaurants/236401,11:00 - 02:00,NA,NA
tkt.ge,sourcing_tkt.ge,ჩეხური ლუდის სახლი | Czech Beer House,NA,Georgia,NA,NA,"26 ვაჟა-ფშაველას გამზირი, თბილისი",NA,NA,NA,NA,NA,NA,https://tkt.ge/,https://tkt.ge/restaurants/236403,11:00 - 23:30,NA,NA
tkt.ge,sourcing_tkt.ge,ბარი ანფენტი| Bar Anfent,NA,Georgia,NA,NA,"36 დავით აღაშენებელი,თბილისი",NA,NA,NA,NA,NA,NA,https://tkt.ge/,https://tkt.ge/restaurants/236407,11:00 - 02:00,NA,NA
tkt.ge,sourcing_tkt.ge,ბარბარესთან | Barbarestan‌,NA,Georgia,NA,NA,"132 დავით აღმაშენებლის გამზირი,თბილისი",NA,NA,NA,NA,NA,NA,https://tkt.ge/,https://tkt.ge/restaurants/236410,10:00 - 22:30,NA,NA
tkt.ge,sourcing_tkt.ge,თონე | Tone,NA,Georgia,NA,NA,"ეგნატე ნინოშვილის 8, თბილისი",NA,NA,NA,NA,NA,NA,https://tkt.ge/,https://tkt.ge/restaurants/236411,12:00 - 23:45,NA,NA
tkt.ge,sourcing_tkt.ge,Puri Guliani | პური გულიანი,NA,Georgia,NA,NA,ზაარბრიუკენის მოედანი,NA,NA,NA,NA,NA,NA,https://tkt.ge/,https://tkt.ge/restaurants/236412,09:00 - 23:00,NA,NA
tkt.ge,sourcing_tkt.ge,სქაი ჰოლ | Sky Hall,NA,Georgia,NA,NA,22 მეტეხის ქ. თბილისი,NA,NA,NA,NA,NA,NA,https://tkt.ge/,https://tkt.ge/restaurants/236413,20:00 - 03:00,NA,NA
tkt.ge,sourcing_tkt.ge,ეკო გარდენი | Eco Garden,NA,Georgia,NA,NA,"აღმაშენებელის N68, თბილისი",NA,NA,NA,NA,NA,NA,https://tkt.ge/,https://tkt.ge/restaurants/236414,12:00 - 00:00,NA,NA
tkt.ge,sourcing_tkt.ge,ზაზანოვა თეატრში | Zazanova at the theatre,NA,Georgia,NA,NA,"164 აღმაშენებლის გამზირი,თბილისი",NA,NA,NA,NA,NA,NA,https://tkt.ge/,https://tkt.ge/restaurants/236415,09:00 - 00:00,NA,NA
tkt.ge,sourcing_tkt.ge,სუზი ვონგ | Suzie Wong,NA,Georgia,NA,NA,1 პეტრიაშვილის ქ.,NA,NA,NA,NA,NA,NA,https://tkt.ge/,https://tkt.ge/restaurants/236416,15:00 - 01:00,NA,NA
tkt.ge,sourcing_tkt.ge,ნამუ | Namu,NA,Georgia,NA,NA,"30 შალვა დადიანის ქუჩა, თბილისი,",NA,NA,NA,NA,NA,NA,https://tkt.ge/,https://tkt.ge/restaurants/236417,11:00 - 20:00,NA,NA
tkt.ge,sourcing_tkt.ge,ბამბუ ლაუნჯი | Bamboo Lounge,NA,Georgia,NA,NA,"ევროპის მოედანი, თბილისი",NA,NA,NA,NA,NA,NA,https://tkt.ge/,https://tkt.ge/restaurants/236418,20:00 - 03:00,NA,NA
tkt.ge,sourcing_tkt.ge,კიდობანი | Kidobani Pub-Restaurant,NA,Georgia,NA,NA,დავით აღმაშენებლის 141,NA,NA,NA,NA,NA,NA,https://tkt.ge/,https://tkt.ge/restaurants/236419,10:00 - 01:00,NA,NA
tkt.ge,sourcing_tkt.ge,აგარაკი | Agaraki,NA,Georgia,NA,NA,"ბეთანია, თბილისი",NA,NA,NA,NA,NA,NA,https://tkt.ge/,https://tkt.ge/restaurants/236420,14:00 - 00:00,NA,NA
tkt.ge,sourcing_tkt.ge,საბატონო | Sabatono,NA,Georgia,NA,NA,"ალექსანდრე გრიბოედოვის ქუჩა 30, თბილისი",NA,NA,NA,NA,NA,NA,https://tkt.ge/,https://tkt.ge/restaurants/236421,10:00 - 22:30,NA,NA
tkt.ge,sourcing_tkt.ge,პანორამა | Panorama,NA,Georgia,NA,NA,13ე თამარაშვილის გამზ. თბილისი,NA,NA,NA,NA,NA,NA,https://tkt.ge/,https://tkt.ge/restaurants/236422,10:00 - 00:00,NA,NA
tkt.ge,sourcing_tkt.ge,8000 მოსავალი ცინცაძე | 8000 Mosavali Tsintsadze,NA,Georgia,NA,NA,"26 სულხან ცინცაძე , თბილისი",NA,NA,NA,NA,NA,NA,https://tkt.ge/,https://tkt.ge/restaurants/236423,13:00 - 23:00,NA,NA
tkt.ge,sourcing_tkt.ge,როიალი | Royal,NA,Georgia,NA,NA,4 პეკინის ქ. თბილისი,NA,NA,NA,NA,NA,NA,https://tkt.ge/,https://tkt.ge/restaurants/236424,12:00 - 01:00,NA,NA
tkt.ge,sourcing_tkt.ge,ჩაიხანა N1 | Chaikhana N1,NA,Georgia,NA,NA,8 ალექსანდრე ყაზბეგი,NA,NA,NA,NA,NA,NA,https://tkt.ge/,https://tkt.ge/restaurants/236995,12:00 - 02:00,NA,NA
tkt.ge,sourcing_tkt.ge,ფასანაური ლეონიძეზე | Pasanauri on Leonidze,NA,Georgia,NA,NA,გიორგი ლეონიძის 7/2,NA,NA,NA,NA,NA,NA,https://tkt.ge/,https://tkt.ge/restaurants/236996,10:00 - 00:00,NA,NA
tkt.ge,sourcing_tkt.ge,პად ტაი | Pad Thai Restaurant,NA,Georgia,NA,NA,1-7 ივანე მაჩაბელის ქ. თბილისი,NA,NA,NA,NA,NA,NA,https://tkt.ge/,https://tkt.ge/restaurants/236997,11:00 - 22:00,NA,NA
tkt.ge,sourcing_tkt.ge,ფასანაური დოლიძეზე | Pasanauri on Dolidze,NA,Georgia,NA,NA,ვიქტორ დოლიძის 2,NA,NA,NA,NA,NA,NA,https://tkt.ge/,https://tkt.ge/restaurants/236998,10:00 - 00:00,NA,NA
tkt.ge,sourcing_tkt.ge,ჰაკერ ფშორი | Hacker-Pschorr,NA,Georgia,NA,NA,"ალექსადნრე ყაზბეგის 14ბ, თბილისი",NA,NA,NA,NA,NA,NA,https://tkt.ge/,https://tkt.ge/restaurants/236999,11:00 - 22:30,NA,NA
tkt.ge,sourcing_tkt.ge,ბაი ფიშ | By Fish,NA,Georgia,NA,NA,"142 დავით აღმაშენებლის გამზირი,თბილისი",NA,NA,NA,NA,NA,NA,https://tkt.ge/,https://tkt.ge/restaurants/237000,11:00 - 02:00,NA,NA
tkt.ge,sourcing_tkt.ge,ფეიმოს კალიან ბარი | Famous Kalyan Lounge,NA,Georgia,NA,NA,"12 ბამბის რიგის ქუჩა, თბილისი",NA,NA,NA,NA,NA,NA,https://tkt.ge/,https://tkt.ge/restaurants/237001,14:00 - 00:00,NA,NA
tkt.ge,sourcing_tkt.ge,აფთაუნ სფეისი | Uptown Space,NA,Georgia,NA,NA,"კუს ტბა, თბილისი",NA,NA,NA,NA,NA,NA,https://tkt.ge/,https://tkt.ge/restaurants/237002,10:00 - 00:00,NA,NA
tkt.ge,sourcing_tkt.ge,ჩვენი | Chveni,NA,Georgia,NA,NA,"8 ჭოროხის ქ. , თბილისი",NA,NA,NA,NA,NA,NA,https://tkt.ge/,https://tkt.ge/restaurants/237003,12:00 - 00:00,NA,NA
tkt.ge,sourcing_tkt.ge,ვოლანდს სფიქიზი | Woland's Speakeasy,NA,Georgia,NA,NA,"2 ივანე მაჩაბელის ქ, თბილისი",NA,NA,NA,NA,NA,NA,https://tkt.ge/,https://tkt.ge/restaurants/237004,19:00 - 03:00,NA,NA
tkt.ge,sourcing_tkt.ge,კერა რესტორანი | Kera Restaurant,NA,Georgia,NA,NA,სანაპიროს 3. მცხეთა,NA,NA,NA,NA,NA,NA,https://tkt.ge/,https://tkt.ge/restaurants/237005,14:00 - 23:00,NA,NA
tkt.ge,sourcing_tkt.ge,იო ე ტე |  Io e te,NA,Georgia,NA,NA,31 კოტე მაყაშვილის ქუჩა,NA,NA,NA,NA,NA,NA,https://tkt.ge/,https://tkt.ge/restaurants/237006,10:00 - 20:00,NA,NA
tkt.ge,sourcing_tkt.ge,ბრეიქ თაიმ | Break Time,NA,Georgia,NA,NA,25ა ალექსანდრე ყაზბეგის გამზირი,NA,NA,NA,NA,NA,NA,https://tkt.ge/,https://tkt.ge/restaurants/237007,10:00 - 00:00,NA,NA
tkt.ge,sourcing_tkt.ge,პიანი ბაზარი | Drunk Talk,NA,Georgia,NA,NA,2 რ.ლაღიძის ქ. თბილისი,NA,NA,NA,NA,NA,NA,https://tkt.ge/,https://tkt.ge/restaurants/237008,18:00 - 06:00,NA,NA
tkt.ge,sourcing_tkt.ge,მწვანე ტერასა | Green Terrace,NA,Georgia,NA,NA,"კორნელი კეკელიძის 11,თბილისი",NA,NA,NA,NA,NA,NA,https://tkt.ge/,https://tkt.ge/restaurants/237009,12:00 - 00:00,NA,NA
tkt.ge,sourcing_tkt.ge,მარგო | Margo,NA,Georgia,NA,NA,2 რ.ლაღიძის ქ. თბილისი,NA,NA,NA,NA,NA,NA,https://tkt.ge/,https://tkt.ge/restaurants/237010,10:00 - 00:00,NA,NA
tkt.ge,sourcing_tkt.ge,გრილ მორი | Grill More,NA,Georgia,NA,NA,"39 პეტრე ქავთარაძის ქუჩა, (#35 საჯარო სკოლა), თბილისი",NA,NA,NA,NA,NA,NA,https://tkt.ge/,https://tkt.ge/restaurants/237011,12:00 - 23:00,NA,NA
tkt.ge,sourcing_tkt.ge,სოშალ ბრუ | Social brew,NA,Georgia,NA,NA,80 ი.აბაშიძის ქ. თბილისი,NA,NA,NA,NA,NA,NA,https://tkt.ge/,https://tkt.ge/restaurants/237012,09:00 - 21:00,NA,NA
tkt.ge,sourcing_tkt.ge,პაემანი ვერაზე | Paemani Veraze,NA,Georgia,NA,NA,8 ნაფარეულის ქუჩა,NA,NA,NA,NA,NA,NA,https://tkt.ge/,https://tkt.ge/restaurants/237013,11:00 - 00:00,NA,NA
tkt.ge,sourcing_tkt.ge,კაფე დაფნა | Cafe Daphna,NA,Georgia,NA,NA,23 შოთა რუსთაველის გამზირი თბილისი,NA,NA,NA,NA,NA,NA,https://tkt.ge/,https://tkt.ge/restaurants/237014,12:00 - 00:00,NA,NA
tkt.ge,sourcing_tkt.ge,ბიკენტიას საქაბაბე | Bikentias Saqababe,NA,Georgia,NA,NA,დავით გამრეკელის 17,NA,NA,NA,NA,NA,NA,https://tkt.ge/,https://tkt.ge/restaurants/237015,10:00 - 22:00,NA,NA
tkt.ge,sourcing_tkt.ge,ვილსი | wheels,NA,Georgia,NA,NA,16 გიორგი ახვლედიანის ქუჩა,NA,NA,NA,NA,NA,NA,https://tkt.ge/,https://tkt.ge/restaurants/237016,12:00 - 02:00,NA,NA
tkt.ge,sourcing_tkt.ge,საკე | Sake Sushi Bar,NA,Georgia,NA,NA,"4 ბესიკის მოედანი, თბილისი",NA,NA,NA,NA,NA,NA,https://tkt.ge/,https://tkt.ge/restaurants/237017,12:00 - 00:00,NA,NA
tkt.ge,sourcing_tkt.ge,ქივი კაფე | Kiwi Cafe,NA,Georgia,NA,NA,"ივანე მაჩაბლის 6,თბილისი,",NA,NA,NA,NA,NA,NA,https://tkt.ge/,https://tkt.ge/restaurants/237018,12:00 - 22:30,NA,NA
tkt.ge,sourcing_tkt.ge,მამა ტერა | Mama Terra Veggie Corner,NA,Georgia,NA,NA,20 ინგოროყვას ქუჩა,NA,NA,NA,NA,NA,NA,https://tkt.ge/,https://tkt.ge/restaurants/237019,11:00 - 21:00,NA,NA
tkt.ge,sourcing_tkt.ge,144 Stairs Cafe |  კაფე 144 საფეხური,NA,Georgia,NA,NA,"ბეთლემის ქუჩა 27,თბილისი",NA,NA,NA,NA,NA,NA,https://tkt.ge/,https://tkt.ge/restaurants/237020,12:00 - 03:00,NA,NA
tkt.ge,sourcing_tkt.ge,ხაშის სახლი - ფშავის ჩემპიონი ყაზბეგზე | Khashi's house - Pshavi's champion at Kazbegi str,NA,Georgia,NA,NA,30ა ა.ყაზბეგის გამზ. თბილისი,NA,NA,NA,NA,NA,NA,https://tkt.ge/,https://tkt.ge/restaurants/237021,07:00 - 22:30,NA,NA
tkt.ge,sourcing_tkt.ge,ვასაბი | Wasabi,NA,Georgia,NA,NA,"ირაკლი აბაშიძე 60,თბილისი",NA,NA,NA,NA,NA,NA,https://tkt.ge/,https://tkt.ge/restaurants/237022,12:00 - 00:00,NA,NA
tkt.ge,sourcing_tkt.ge,ორბელიანი | Orbeliani,NA,Georgia,NA,NA,"მარჯვენა სანაპიროს 3,მშრალი ხიდის ქვეშ",NA,NA,NA,NA,NA,NA,https://tkt.ge/,https://tkt.ge/restaurants/237023,08:00 - 23:00,NA,NA
tkt.ge,sourcing_tkt.ge,მელოგრანო | Melograno,NA,Georgia,NA,NA,"ტარა შევჩენკოს 1,თბილისი,",NA,NA,NA,NA,NA,NA,https://tkt.ge/,https://tkt.ge/restaurants/237024,08:00 - 23:00,NA,NA
tkt.ge,sourcing_tkt.ge,პაულანერი | Paulaner brotherhood,NA,Georgia,NA,NA,18 სულხან ცინცაძის ქ. თბილისი.,NA,NA,NA,NA,NA,NA,https://tkt.ge/,https://tkt.ge/restaurants/237025,10:00 - 23:00,NA,NA
tkt.ge,sourcing_tkt.ge,ჭაჭის დრო | Chacha Time,NA,Georgia,NA,NA,"გერონტი ქიქოძის 5, თბილისი",NA,NA,NA,NA,NA,NA,https://tkt.ge/,https://tkt.ge/restaurants/237026,12:00 - 00:00,NA,NA
tkt.ge,sourcing_tkt.ge,ჩადუნა | Chaduna,NA,Georgia,NA,NA,"18 გალაქტიონ ტაბიძის ქუჩა, თბილისი",NA,NA,NA,NA,NA,NA,https://tkt.ge/,https://tkt.ge/restaurants/237027,09:00 - 00:00,NA,NA
tkt.ge,sourcing_tkt.ge,შუშაბანდი | Shushabandi,NA,Georgia,NA,NA,პეტრიაშვილის ქუჩა 1,NA,NA,NA,NA,NA,NA,https://tkt.ge/,https://tkt.ge/restaurants/237028,12:00 - 00:00,NA,NA
tkt.ge,sourcing_tkt.ge,სახელოსნო ბარი | Sakhelosno Bar,NA,Georgia,NA,NA,"კოტე აფხაზის ქუჩა 28, თბილისი",NA,NA,NA,NA,NA,NA,https://tkt.ge/,https://tkt.ge/restaurants/237029,17:00 - 06:00,NA,NA
tkt.ge,sourcing_tkt.ge,პარ დე პიანო |  Par de Piano,NA,Georgia,NA,NA,დავით აღმაშენებლის გამზირი 20,NA,NA,NA,NA,NA,NA,https://tkt.ge/,https://tkt.ge/restaurants/237030,10:00 - 02:00,NA,NA
tkt.ge,sourcing_tkt.ge,ცანგალას ღვინის ბარი | Tsangala's Wine Shop & Bar,NA,Georgia,NA,NA,"12 იოანე შავთელი,თბილისი",NA,NA,NA,NA,NA,NA,https://tkt.ge/,https://tkt.ge/restaurants/237031,11:00 - 00:00,NA,NA
tkt.ge,sourcing_tkt.ge,მირზაანი | Mirzaani,NA,Georgia,NA,NA,"140 წერეთლის გამზირი, თბილისი",NA,NA,NA,NA,NA,NA,https://tkt.ge/,https://tkt.ge/restaurants/237032,11:00 - 00:00,NA,NA
tkt.ge,sourcing_tkt.ge,ქეთო და კოტე | Keto & Kote,NA,Georgia,NA,NA,"3 Mikheil Zandukeli Dead End, T'bilisi 0179, Georgia",NA,NA,NA,NA,NA,NA,https://tkt.ge/,https://tkt.ge/restaurants/237033,12:00 - 01:00,NA,NA
tkt.ge,sourcing_tkt.ge,მანჩის ბაი ფუდ გადესი | Munchies By Food Goddess,NA,Georgia,NA,NA,3 ექვთიმე თაყაიშვილის ქუჩა,NA,NA,NA,NA,NA,NA,https://tkt.ge/,https://tkt.ge/restaurants/237034,13:00 - 00:00,NA,NA
tkt.ge,sourcing_tkt.ge,ფიორინო | Fiorino,NA,Georgia,NA,NA,"მერაბ კოსტავას 77,თბილისი",NA,NA,NA,NA,NA,NA,https://tkt.ge/,https://tkt.ge/restaurants/237035,10:00 - 23:45,NA,NA
tkt.ge,sourcing_tkt.ge,ლინვილი | Linville,NA,Georgia,NA,NA,"გია აბესაძის N2, თბილისი",NA,NA,NA,NA,NA,NA,https://tkt.ge/,https://tkt.ge/restaurants/237036,12:00 - 02:00,NA,NA
tkt.ge,sourcing_tkt.ge,ბურგერკლასიკო | Burgerclasico,NA,Georgia,NA,NA,"40 ჭავჭავაძის გამზ,თბილისი",NA,NA,NA,NA,NA,NA,https://tkt.ge/,https://tkt.ge/restaurants/237037,11:00 - 01:00,NA,NA
tkt.ge,sourcing_tkt.ge,მონსერ ჯორდანი | Monsieur Jordan,NA,Georgia,NA,NA,გორგასლის 17,NA,NA,NA,NA,NA,NA,https://tkt.ge/,https://tkt.ge/restaurants/237038,10:00 - 22:00,NA,NA
tkt.ge,sourcing_tkt.ge,პასტა ბარი | Pasta Bar,NA,Georgia,NA,NA,5/7 მოსე ჯანაშვილის ქუჩა,NA,NA,NA,NA,NA,NA,https://tkt.ge/,https://tkt.ge/restaurants/237039,12:00 - 23:00,NA,NA
tkt.ge,sourcing_tkt.ge,დისქავერი | Discovery,NA,Georgia,NA,NA,"86/1 დავით აღმაშენებელი,თბილისი",NA,NA,NA,NA,NA,NA,https://tkt.ge/,https://tkt.ge/restaurants/237040,09:00 - 02:00,NA,NA
tkt.ge,sourcing_tkt.ge,გოჩიტს ბურგერ აღმაშენებელი | Gochit's Burger,NA,Georgia,NA,NA,149 ა დავით აღმაშენებლის გამზირი,NA,NA,NA,NA,NA,NA,https://tkt.ge/,https://tkt.ge/restaurants/237041,11:00 - 22:30,NA,NA
tkt.ge,sourcing_tkt.ge,მარაო,NA,Georgia,NA,NA,73 ა დავით აღმაშენებლის გამზირი,NA,NA,NA,NA,NA,NA,https://tkt.ge/,https://tkt.ge/restaurants/237042,12:00 - 00:00,NA,NA
tkt.ge,sourcing_tkt.ge,4 ვკუსო | 4 Vkuso,NA,Georgia,NA,NA,"კოტე მარჯანიშვილის 4, თბილისი",NA,NA,NA,NA,NA,NA,https://tkt.ge/,https://tkt.ge/restaurants/237043,10:00 - 22:00,NA,NA
tkt.ge,sourcing_tkt.ge,ამო რამე | Amo Rame,NA,Georgia,NA,NA,"პავლე ინგოროყვას ქუჩა 3, თბილისი",NA,NA,NA,NA,NA,NA,https://tkt.ge/,https://tkt.ge/restaurants/237044,12:00 - 00:00,NA,NA
tkt.ge,sourcing_tkt.ge,გოჩიტს ბურგერ ისთ ფოინთი| Gochit's Burger East Point,NA,Georgia,NA,NA,2 ალექსანდრე თვალჭრელიძის ქუჩა,NA,NA,NA,NA,NA,NA,https://tkt.ge/,https://tkt.ge/restaurants/237045,10:00 - 22:00,NA,NA
tkt.ge,sourcing_tkt.ge,სიტიო  ღვინის ბარი | Sitio Wine Bar,NA,Georgia,NA,NA,11 მიხეილ ზანდუკელის ქ. თბილისი,NA,NA,NA,NA,NA,NA,https://tkt.ge/,https://tkt.ge/restaurants/237046,15:00 - 01:00,NA,NA
tkt.ge,sourcing_tkt.ge,პულსარ ბარი | Pulsar Bar,NA,Georgia,NA,NA,"გ. ლეონიძე 12, თბილისი",NA,NA,NA,NA,NA,NA,https://tkt.ge/,https://tkt.ge/restaurants/237047,18:00 - 02:00,NA,NA
tkt.ge,sourcing_tkt.ge,კაფე ვორონცოვი | Cafe Vorontsov,NA,Georgia,NA,NA,17 დავით აღმაშენებელი,NA,NA,NA,NA,NA,NA,https://tkt.ge/,https://tkt.ge/restaurants/237048,09:30 - 22:30,NA,NA
tkt.ge,sourcing_tkt.ge,პიცა დი რომა | Pizza Di Roma,NA,Georgia,NA,NA,"დავით აღმაშენებლის ქუჩა 147, თბილისი",NA,NA,NA,NA,NA,NA,https://tkt.ge/,https://tkt.ge/restaurants/237049,10:00 - 00:00,NA,NA
tkt.ge,sourcing_tkt.ge,კაფე დანტე |Cafe Dante,NA,Georgia,NA,NA,1 გიგა ლორთქიფანიძე,NA,NA,NA,NA,NA,NA,https://tkt.ge/,https://tkt.ge/restaurants/237050,11:00 - 23:30,NA,NA
tkt.ge,sourcing_tkt.ge,პიცა დი რომა | Pizza Di Roma,NA,Georgia,NA,NA,ბახტრიონის 9,NA,NA,NA,NA,NA,NA,https://tkt.ge/,https://tkt.ge/restaurants/237051,10:00 - 00:00,NA,NA
tkt.ge,sourcing_tkt.ge,კაფე ვოლვერი | Cafe Volver,NA,Georgia,NA,NA,56 ლადო ასათიანი,NA,NA,NA,NA,NA,NA,https://tkt.ge/,https://tkt.ge/restaurants/237052,10:00 - 00:00,NA,NA
tkt.ge,sourcing_tkt.ge,არქივ ბარი | Archive Bar,NA,Georgia,NA,NA,44 ლადო ასათიანის ქ. თბილისი,NA,NA,NA,NA,NA,NA,https://tkt.ge/,https://tkt.ge/restaurants/237053,18:00 - 03:00,NA,NA
tkt.ge,sourcing_tkt.ge,პოლიტიკა | Politika,NA,Georgia,NA,NA,164 დავით აღმაშენებელის გამზირი. თბილისი,NA,NA,NA,NA,NA,NA,https://tkt.ge/,https://tkt.ge/restaurants/237054,12:00 - 02:00,NA,NA
tkt.ge,sourcing_tkt.ge,საჩებურეკე N1 | Sachebureke N1,NA,Georgia,NA,NA,"პეკინის ქ. 36,თბილისი,",NA,NA,NA,NA,NA,NA,https://tkt.ge/,https://tkt.ge/restaurants/237055,10:00 - 22:00,NA,NA
tkt.ge,sourcing_tkt.ge,პელაგონი საბურთალოზე | Restaurant Pelagoni at Saburtalo,NA,Georgia,NA,NA,"8 კალისტრატე ქუთათელაძის ქ, Tbilisi, Georgia",NA,NA,NA,NA,NA,NA,https://tkt.ge/,https://tkt.ge/restaurants/237056,11:00 - 22:30,NA,NA
tkt.ge,sourcing_tkt.ge,მაკულატურა | Makulatura,NA,Georgia,NA,NA,15 შალვა დადიანი,NA,NA,NA,NA,NA,NA,https://tkt.ge/,https://tkt.ge/restaurants/237057,18:00 - 03:00,NA,NA
tkt.ge,sourcing_tkt.ge,ბლექ სი ბურგერი | Black Sea Burger,NA,Georgia,NA,NA,39 აბაშიძის ქ. თბილისი,NA,NA,NA,NA,NA,NA,https://tkt.ge/,https://tkt.ge/restaurants/237058,12:00 - 00:00,NA,NA
tkt.ge,sourcing_tkt.ge,ვაინ ნოთ?,NA,Georgia,NA,NA,6 ვ. პეტრიაშვილის ქ. თბილისი,NA,NA,NA,NA,NA,NA,https://tkt.ge/,https://tkt.ge/restaurants/237059,17:00 - 01:00,NA,NA
tkt.ge,sourcing_tkt.ge,ჩაბას ჯაზ როკ კაფე | Chaba's Jazz Rock Cafe,NA,Georgia,NA,NA,"3 ვაშლოვანის ქუჩა, თბილისი",NA,NA,NA,NA,NA,NA,https://tkt.ge/,https://tkt.ge/restaurants/237060,12:00 - 04:00,NA,NA
tkt.ge,sourcing_tkt.ge,ვარაზის ლუდის ბარი | Varazi Beer Garden,NA,Georgia,NA,NA,"1 ვარაზისხევის ქუჩა,თბილისი",NA,NA,NA,NA,NA,NA,https://tkt.ge/,https://tkt.ge/restaurants/237061,11:00 - 00:00,NA,NA
tkt.ge,sourcing_tkt.ge,ბლექ დოგ ბარი | Black Dog Bar,NA,Georgia,NA,NA,"ლადო ასათიანის 33, თბილისი",NA,NA,NA,NA,NA,NA,https://tkt.ge/,https://tkt.ge/restaurants/237062,12:00 - 03:00,NA,NA
tkt.ge,sourcing_tkt.ge,დომინოს პიცა | Domino's Pizza,NA,Georgia,NA,NA,"10 ვეკუას ქუჩა, თბილისი",NA,NA,NA,NA,NA,NA,https://tkt.ge/,https://tkt.ge/restaurants/237063,10:30 - 00:30,NA,NA
tkt.ge,sourcing_tkt.ge,გაბალას კალათა | Gebele Sebeti,NA,Georgia,NA,NA,"იოანე შავთელის ქუჩა 13 , თბილისი",NA,NA,NA,NA,NA,NA,https://tkt.ge/,https://tkt.ge/restaurants/237064,10:00 - 22:00,NA,NA
tkt.ge,sourcing_tkt.ge,გოჩიტს ბურგერ საბურთალო | Gochit's Burger Saburtalo,NA,Georgia,NA,NA,58 ვაჟა ფშაველას გაზმირი,NA,NA,NA,NA,NA,NA,https://tkt.ge/,https://tkt.ge/restaurants/237065,12:00 - 00:00,NA,NA
tkt.ge,sourcing_tkt.ge,დომინოს პიცა | Domino's Pizza,NA,Georgia,NA,NA,34 ირაკლი აბაშიძის ქ. თბილისი,NA,NA,NA,NA,NA,NA,https://tkt.ge/,https://tkt.ge/restaurants/237066,10:30 - 00:30,NA,NA
tkt.ge,sourcing_tkt.ge,დომინოს პიცა/Domino's Pizza,NA,Georgia,NA,NA,74 მერაბ კოსტავას გამზ. თბილისი,NA,NA,NA,NA,NA,NA,https://tkt.ge/,https://tkt.ge/restaurants/237067,10:30 - 00:30,NA,NA
tkt.ge,sourcing_tkt.ge,რესტორანი სამეფო | Restaurant Samepo,NA,Georgia,NA,NA,"წიწამურის გადასახვევთან, მცხეთა",NA,NA,NA,NA,NA,NA,https://tkt.ge/,https://tkt.ge/restaurants/237068,11:00 - 23:00,NA,NA
tkt.ge,sourcing_tkt.ge,არეა 51 |Area 51,NA,Georgia,NA,NA,6 რევაზ ლაღიძე,NA,NA,NA,NA,NA,NA,https://tkt.ge/,https://tkt.ge/restaurants/237069,14:00 - 02:00,NA,NA
tkt.ge,sourcing_tkt.ge,სკოლა ფალიაშვილი | Skola Coffee & Wine Bar Paliashvili,NA,Georgia,NA,NA,80 ფალიაშვილის ქ. თბილისი,NA,NA,NA,NA,NA,NA,https://tkt.ge/,https://tkt.ge/restaurants/237070,10:00 - 19:00,NA,NA
tkt.ge,sourcing_tkt.ge,კლიკეს ხინკალი | Klike's Khinkali,NA,Georgia,NA,NA,1 შიო ჩიტაძის ქ. თბილისი,NA,NA,NA,NA,NA,NA,https://tkt.ge/,https://tkt.ge/restaurants/237071,11:00 - 23:00,NA,NA
tkt.ge,sourcing_tkt.ge,ბუქს ფრომ ფასთ | Books From Past,NA,Georgia,NA,NA,10 გიორგი ახვლედიანის ქ. თბილისი,NA,NA,NA,NA,NA,NA,https://tkt.ge/,https://tkt.ge/restaurants/237072,09:30 - 22:00,NA,NA
tkt.ge,sourcing_tkt.ge,მოზაიკა ბარი | Mozaika Bar,NA,Georgia,NA,NA,8 ვაშლოვანის ქუჩა,NA,NA,NA,NA,NA,NA,https://tkt.ge/,https://tkt.ge/restaurants/237073,18:00 - 02:00,NA,NA
tkt.ge,sourcing_tkt.ge,პაულანერი ფანკლუბი | Paulaner Funclub,NA,Georgia,NA,NA,"შალვა ნუცუბიძის 125 თბილისი,",NA,NA,NA,NA,NA,NA,https://tkt.ge/,https://tkt.ge/restaurants/237074,12:00 - 00:00,NA,NA
tkt.ge,sourcing_tkt.ge,ამერიკული დაინერი | American Diner,NA,Georgia,NA,NA,"2 ივანე მაჩაბელის ქ, თბილისი",NA,NA,NA,NA,NA,NA,https://tkt.ge/,https://tkt.ge/restaurants/237075,12:00 - 00:00,NA,NA
tkt.ge,sourcing_tkt.ge,ღვინის ბაზარი #1 & ბარი,NA,Georgia,NA,NA,1 პეტრიაშვილის ქ. თბილისი,NA,NA,NA,NA,NA,NA,https://tkt.ge/,https://tkt.ge/restaurants/237076,12:00 - 01:00,NA,NA
tkt.ge,sourcing_tkt.ge,შავი ლომი | Shavi Lomi,NA,Georgia,NA,NA,28 ზ.ქვლივიძის ქ. თბილისი,NA,NA,NA,NA,NA,NA,https://tkt.ge/,https://tkt.ge/restaurants/237077,12:00 - 00:00,NA,NA
tkt.ge,sourcing_tkt.ge,თბილისიისტანბულ კაფე რესტორანი|TbilisIStanbul Cafe Restaurant,NA,Georgia,NA,NA,21 აბანოს ქ. თბილისი,NA,NA,NA,NA,NA,NA,https://tkt.ge/,https://tkt.ge/restaurants/237078,07:00 - 01:00,NA,NA
tkt.ge,sourcing_tkt.ge,საფერი | Saperi,NA,Georgia,NA,NA,12 შოთა ნიშნიანიძის ქ. თბილისი,NA,NA,NA,NA,NA,NA,https://tkt.ge/,https://tkt.ge/restaurants/237079,12:00 - 00:00,NA,NA
tkt.ge,sourcing_tkt.ge,გუდ ჩოის | Good Choice,NA,Georgia,NA,NA,94 ვაჟა ფშაველას გამზ. თბილისი,NA,NA,NA,NA,NA,NA,https://tkt.ge/,https://tkt.ge/restaurants/237080,11:00 - 00:00,NA,NA
tkt.ge,sourcing_tkt.ge,მეობა | Meoba,NA,Georgia,NA,NA,"23 შოთა რუსთაველის გამზ, თბილისი",NA,NA,NA,NA,NA,NA,https://tkt.ge/,https://tkt.ge/restaurants/237081,18:00 - 02:00,NA,NA
tkt.ge,sourcing_tkt.ge,ჭაჭა რუმი | Chacha Room,NA,Georgia,NA,NA,10 პუშკინის ქ. თბილისი,NA,NA,NA,NA,NA,NA,https://tkt.ge/,https://tkt.ge/restaurants/237082,17:00 - 03:00,NA,NA
tkt.ge,sourcing_tkt.ge,ლისი ჩარლი ორგანიკ კაფე | Lisi Charlie Organic Cafe,NA,Georgia,NA,NA,"ლისის ტბა, თბილისი",NA,NA,NA,NA,NA,NA,https://tkt.ge/,https://tkt.ge/restaurants/237083,12:00 - 00:00,NA,NA
tkt.ge,sourcing_tkt.ge,41 გრადუსი | 41 Gradus,NA,Georgia,NA,NA,"გალაქტიონ ტაბიძის 19,თბილისი",NA,NA,NA,NA,NA,NA,https://tkt.ge/,https://tkt.ge/restaurants/237084,19:00 - 01:00,NA,NA
tkt.ge,sourcing_tkt.ge,ბურგერ ბარი | Burger Bar,NA,Georgia,NA,NA,"დიდუბე ჩუღურეთი , წერეთლის ქუჩა",NA,NA,NA,NA,NA,NA,https://tkt.ge/,https://tkt.ge/restaurants/237085,10:30 - 01:00,NA,NA
tkt.ge,sourcing_tkt.ge,კაფე მელისა | Cafe Melissa,NA,Georgia,NA,NA,დავით აღმაშენებელი 49/2,NA,NA,NA,NA,NA,NA,https://tkt.ge/,https://tkt.ge/restaurants/237086,10:00 - 00:00,NA,NA
tkt.ge,sourcing_tkt.ge,ფულჰაუს ბარი | FullHouse Bar,NA,Georgia,NA,NA,26 ანტონ კათალიკოსის ქ. თბილისი,NA,NA,NA,NA,NA,NA,https://tkt.ge/,https://tkt.ge/restaurants/237087,20:00 - 02:00,NA,NA
tkt.ge,sourcing_tkt.ge,ლაღიძის წყალი | Lagidze Waters,NA,Georgia,NA,NA,24-26 სამრეკლოს ქუჩა,NA,NA,NA,NA,NA,NA,https://tkt.ge/,https://tkt.ge/restaurants/237088,10:00 - 08:00,NA,NA
tkt.ge,sourcing_tkt.ge,მანჯისთან,NA,Georgia,NA,NA,1 გიორგი ქუჩიშვილის ქ. თბილისი,NA,NA,NA,NA,NA,NA,https://tkt.ge/,https://tkt.ge/restaurants/237089,12:00 - 00:00,NA,NA
tkt.ge,sourcing_tkt.ge,მასპინძელო | Maspindzelo,NA,Georgia,NA,NA,"კოჯორი, სოფ. კიკეთი, თბილისი",NA,NA,NA,NA,NA,NA,https://tkt.ge/,https://tkt.ge/restaurants/237090,12:00 - 23:00,NA,NA
tkt.ge,sourcing_tkt.ge,სმა | Sma craft beer bar,NA,Georgia,NA,NA,"ლადო ასათიანის 48,თბილისი",NA,NA,NA,NA,NA,NA,https://tkt.ge/,https://tkt.ge/restaurants/237091,19:00 - 01:00,NA,NA
tkt.ge,sourcing_tkt.ge,ლამა სთრით ფუდ | Lama Street Food,NA,Georgia,NA,NA,აბაშიძე 58,NA,NA,NA,NA,NA,NA,https://tkt.ge/,https://tkt.ge/restaurants/237092,12:00 - 23:00,NA,NA
tkt.ge,sourcing_tkt.ge,არტ კაფე ტიფლისი | Art Cafe Tiflis Brunch,NA,Georgia,NA,NA,"კოტე აფხაზის ქუჩა 4-6, თბილისი",NA,NA,NA,NA,NA,NA,https://tkt.ge/,https://tkt.ge/restaurants/237093,09:00 - 00:00,NA,NA
tkt.ge,sourcing_tkt.ge,კოქტეილ ფაქტორი | Cocktail Factory,NA,Georgia,NA,NA,1 პეტრიაშვილის ქ. თბილისი,NA,NA,NA,NA,NA,NA,https://tkt.ge/,https://tkt.ge/restaurants/237094,20:00 - 01:00,NA,NA
tkt.ge,sourcing_tkt.ge,სულიკოს ღვინის ბარი | Sulico Wine Bar,NA,Georgia,NA,NA,"27 მიხეილ ზანდუკელის ქუჩა, თბილისი",NA,NA,NA,NA,NA,NA,https://tkt.ge/,https://tkt.ge/restaurants/237095,17:00 - 11:30,NA,NA
tkt.ge,sourcing_tkt.ge,საკურა | Sakura,NA,Georgia,NA,NA,"ირაკლი აბაშიძის 29, თბილისი",NA,NA,NA,NA,NA,NA,https://tkt.ge/,https://tkt.ge/restaurants/237096,12:00 - 01:30,NA,NA
tkt.ge,sourcing_tkt.ge,როიალ ვაინ | Royal Wine,NA,Georgia,NA,NA,23 გ.ტაბიძის ქ. თბილისი,NA,NA,NA,NA,NA,NA,https://tkt.ge/,https://tkt.ge/restaurants/237097,14:00 - 20:00,NA,NA
tkt.ge,sourcing_tkt.ge,ვაინ მარკეტი | Wine Market,NA,Georgia,NA,NA,8 ამაღლების ქ. თბილისი,NA,NA,NA,NA,NA,NA,https://tkt.ge/,https://tkt.ge/restaurants/237098,12:00 - 20:00,NA,NA
tkt.ge,sourcing_tkt.ge,ბურგერ სითი | Burger City,NA,Georgia,NA,NA,ყიფშიძის 5,NA,NA,NA,NA,NA,NA,https://tkt.ge/,https://tkt.ge/restaurants/237099,11:00 - 23:00,NA,NA
tkt.ge,sourcing_tkt.ge,ბელეტაჟი | Beletage,NA,Georgia,NA,NA,6 ვაშლოვანის ქ. თბილისი,NA,NA,NA,NA,NA,NA,https://tkt.ge/,https://tkt.ge/restaurants/237101,12:00 - 01:00,NA,NA
tkt.ge,sourcing_tkt.ge,რესტორანი მაგნოლია | Magnolia Restaurant,NA,Georgia,NA,NA,"კახეთის გზატკეცილი, თბილისი",NA,NA,NA,NA,NA,NA,https://tkt.ge/,https://tkt.ge/restaurants/237102,11:00 - 00:00,NA,NA
tkt.ge,sourcing_tkt.ge,ვერდე | Café Verde,NA,Georgia,NA,NA,"ამაშუკელის 16,",NA,NA,NA,NA,NA,NA,https://tkt.ge/,https://tkt.ge/restaurants/237103,10:00 - 23:45,NA,NA
tkt.ge,sourcing_tkt.ge,ლეიქ სთეიშენ | Lake Station,NA,Georgia,NA,NA,"კუს ტბის ქუჩა, თბილისი,",NA,NA,NA,NA,NA,NA,https://tkt.ge/,https://tkt.ge/restaurants/237104,11:00 - 00:00,NA,NA
tkt.ge,sourcing_tkt.ge,დოიჩე პაბი | Deutche Pub,NA,Georgia,NA,NA,"59 ვაჟა-ფშაველას გამზირი, თბილისი",NA,NA,NA,NA,NA,NA,https://tkt.ge/,https://tkt.ge/restaurants/237105,11:00 - 02:30,NA,NA
tkt.ge,sourcing_tkt.ge,ლენდმარკი | Landmark,NA,Georgia,NA,NA,13 ივანე თარხნიშვილი,NA,NA,NA,NA,NA,NA,https://tkt.ge/,https://tkt.ge/restaurants/237106,11:00 - 23:00,NA,NA
tkt.ge,sourcing_tkt.ge,ჩარირამა | Restaurant Charirama,NA,Georgia,NA,NA,"ვაშლიჯვრის ამოსახვევთან, მწვანე კორპუსის პირდაპირ,12ა პეტრე სარაჯიშვილის ქ.",NA,NA,NA,NA,NA,NA,https://tkt.ge/,https://tkt.ge/restaurants/237107,11:00 - 00:00,NA,NA
tkt.ge,sourcing_tkt.ge,კაფე-ბარი ლავ სთორი | Love Story Cafe-Bar,NA,Georgia,NA,NA,35 დავით აღმაშენებლის გამზ. თბილისი,NA,NA,NA,NA,NA,NA,https://tkt.ge/,https://tkt.ge/restaurants/237108,10:00 - 02:00,NA,NA
tkt.ge,sourcing_tkt.ge,ბროწეული | Nar Restaurant,NA,Georgia,NA,NA,"დიმიტრი გულუა 6-8, თბილისი",NA,NA,NA,NA,NA,NA,https://tkt.ge/,https://tkt.ge/restaurants/237109,10:00 - 12:00,NA,NA
tkt.ge,sourcing_tkt.ge,მაჭახელა | Machakhela,NA,Georgia,NA,NA,მერაბ კოსტავას ქუჩა 77,NA,NA,NA,NA,NA,NA,https://tkt.ge/,https://tkt.ge/restaurants/237110,10:00 - 23:00,NA,NA
tkt.ge,sourcing_tkt.ge,ორგანიკ ხოსპერ გრილ ბარი | Organique Josper Bar,NA,Georgia,NA,NA,ბამბის რიგის 12,NA,NA,NA,NA,NA,NA,https://tkt.ge/,https://tkt.ge/restaurants/237111,11:00 - 23:00,NA,NA
tkt.ge,sourcing_tkt.ge,ფორკი | Fork,NA,Georgia,NA,NA,"ალექსანდრე ყაზბეგის 30,თბილისი",NA,NA,NA,NA,NA,NA,https://tkt.ge/,https://tkt.ge/restaurants/237112,12:00 - 10:30,NA,NA
tkt.ge,sourcing_tkt.ge,კულინარიუმ ხაშერია,NA,Georgia,NA,NA,23 აბანოს ქუჩა,NA,NA,NA,NA,NA,NA,https://tkt.ge/,https://tkt.ge/restaurants/237113,12:00 - 00:00,NA,NA
tkt.ge,sourcing_tkt.ge,აბაშიძე 80 | Abashidze 80,NA,Georgia,NA,NA,"ირაკლი აბაშიძის 80, თბილისი",NA,NA,NA,NA,NA,NA,https://tkt.ge/,https://tkt.ge/restaurants/237114,09:00 - 00:00,NA,NA
tkt.ge,sourcing_tkt.ge,პეტ20 | Pet20,NA,Georgia,NA,NA,20 ვასილ პეტრიაშვილის ქუჩა,NA,NA,NA,NA,NA,NA,https://tkt.ge/,https://tkt.ge/restaurants/237115,11:00 - 21:00,NA,NA
tkt.ge,sourcing_tkt.ge,ზალა რესტორანი | Zala Restaurant,NA,Georgia,NA,NA,2 ბელინსკის ქ.თბილისი,NA,NA,NA,NA,NA,NA,https://tkt.ge/,https://tkt.ge/restaurants/237116,18:00 - 00:00,NA,NA
tkt.ge,sourcing_tkt.ge,ხინკლის ფაბრიკა კოსტავას გამზ. | Hinkali Factory Kostava Ave.,NA,Georgia,NA,NA,77 კოსტავას გამზ. თბილისი,NA,NA,NA,NA,NA,NA,https://tkt.ge/,https://tkt.ge/restaurants/237117,11:00 - 23:30,NA,NA
tkt.ge,sourcing_tkt.ge,ტაკერია თეკოს ტაკო | Taqueria Teko’s Tacos,NA,Georgia,NA,NA,1 ვასილ პეტრიაშვილის ქუჩა,NA,NA,NA,NA,NA,NA,https://tkt.ge/,https://tkt.ge/restaurants/237118,16:00 - 01:00,NA,NA
tkt.ge,sourcing_tkt.ge,ქენდი | Candy,NA,Georgia,NA,NA,1 პეტრიაშვილის ქ. თბილისი,NA,NA,NA,NA,NA,NA,https://tkt.ge/,https://tkt.ge/restaurants/237119,18:00 - 03:00,NA,NA
tkt.ge,sourcing_tkt.ge,თაღლაურა | Taglaura,NA,Georgia,NA,NA,თბილისი-კოჯრის ქ.,NA,NA,NA,NA,NA,NA,https://tkt.ge/,https://tkt.ge/restaurants/237120,11:00 - 00:00,NA,NA
tkt.ge,sourcing_tkt.ge,პომოდორისიმო | Pomodorissimo,NA,Georgia,NA,NA,"33 ილია ჭავჭავაძე , თბილისი",NA,NA,NA,NA,NA,NA,https://tkt.ge/,https://tkt.ge/restaurants/237121,11:00 - 23:30,NA,NA
tkt.ge,sourcing_tkt.ge,ზახარ ზახარიჩი | Zakhar Zakharichi,NA,Georgia,NA,NA,"ბეთანია, თბილისი",NA,NA,NA,NA,NA,NA,https://tkt.ge/,https://tkt.ge/restaurants/237122,12:00 - 00:00,NA,NA
tkt.ge,sourcing_tkt.ge,პიცა დი რომა თბილისი მოლი | Pizza Di Roma Tbilisi Mall,NA,Georgia,NA,NA,აღმაშენებლის ხეივანი თბილისი მოლი,NA,NA,NA,NA,NA,NA,https://tkt.ge/,https://tkt.ge/restaurants/237123,10:00 - 22:00,NA,NA
tkt.ge,sourcing_tkt.ge,ოტიუმი | Otium,NA,Georgia,NA,NA,"10 ბერძენიშვილის ქ. კუს ტბა, თბილისი",NA,NA,NA,NA,NA,NA,https://tkt.ge/,https://tkt.ge/restaurants/237124,12:00 - 01:00,NA,NA
tkt.ge,sourcing_tkt.ge,პურის სახლი | Bread House,NA,Georgia,NA,NA,7 ვახტანგ გორგასალის ქ. თბილისი,NA,NA,NA,NA,NA,NA,https://tkt.ge/,https://tkt.ge/restaurants/237125,12:00 - 01:00,NA,NA
tkt.ge,sourcing_tkt.ge,როიალ დელი დარბარ ინდური ბარ-რესტორანი | Royal Delhi Darbaar Indian Restaurant and Bar,NA,Georgia,NA,NA,5 გიორგი ახვლედიანის ქ. თბილისი,NA,NA,NA,NA,NA,NA,https://tkt.ge/,https://tkt.ge/restaurants/237126,13:00 - 01:00,NA,NA
tkt.ge,sourcing_tkt.ge,დოლჩი დი პარადისო | Dolci di Paradiso,NA,Georgia,NA,NA,"40 ილია ჭავჭავაძე,თბილისი",NA,NA,NA,NA,NA,NA,https://tkt.ge/,https://tkt.ge/restaurants/237127,11:00 - 00:00,NA,NA
tkt.ge,sourcing_tkt.ge,ბულაჩაური | Bulachauri,NA,Georgia,NA,NA,93 კოსმონავტების ქ. თბილისი,NA,NA,NA,NA,NA,NA,https://tkt.ge/,https://tkt.ge/restaurants/237128,11:00 - 23:00,NA,NA
tkt.ge,sourcing_tkt.ge,ლუდის სახლი ვარაზი | Varazi Beer House,NA,Georgia,NA,NA,"2 ვარაზისხევის ქუჩა, თბილისი",NA,NA,NA,NA,NA,NA,https://tkt.ge/,https://tkt.ge/restaurants/237129,10:00 - 00:00,NA,NA
tkt.ge,sourcing_tkt.ge,ლე მარე & ოლივია | Le Marais & Olivia,NA,Georgia,NA,NA,28 ფალიაშვილის ქ. თბილისი,NA,NA,NA,NA,NA,NA,https://tkt.ge/,https://tkt.ge/restaurants/237130,12:00 - 00:00,NA,NA
tkt.ge,sourcing_tkt.ge,ერთი ყავა | Eeti kava Coffee Room,NA,Georgia,NA,NA,8 მიტროფან ლაღიზის ქ. თბილისი,NA,NA,NA,NA,NA,NA,https://tkt.ge/,https://tkt.ge/restaurants/237131,08:00 - 21:00,NA,NA
tkt.ge,sourcing_tkt.ge,პასტორალი | Pastorali Kala Group,NA,Georgia,NA,NA,"ერეკლე II ქუჩა N6, თბილისი",NA,NA,NA,NA,NA,NA,https://tkt.ge/,https://tkt.ge/restaurants/237132,12:00 - 02:00,NA,NA
tkt.ge,sourcing_tkt.ge,ატრიუმი | Atrium,NA,Georgia,NA,NA,"ლ.ვეკუას ქუჩა 14,გლდანი პლაზა , თბილისი",NA,NA,NA,NA,NA,NA,https://tkt.ge/,https://tkt.ge/restaurants/237133,12:00 - 00:00,NA,NA
tkt.ge,sourcing_tkt.ge,ასტორია | Astoria,NA,Georgia,NA,NA,"გაბრიელ სალოსის მოედანი 2, თბილისი",NA,NA,NA,NA,NA,NA,https://tkt.ge/,https://tkt.ge/restaurants/237134,09:30 - 00:00,NA,NA
tkt.ge,sourcing_tkt.ge,კრაბს ბურგერი | Krab's Burger,NA,Georgia,NA,NA,2 ირაკლი აბაშიძე,NA,NA,NA,NA,NA,NA,https://tkt.ge/,https://tkt.ge/restaurants/237135,12:00 - 04:00,NA,NA
tkt.ge,sourcing_tkt.ge,სამი საუკუნე |Three Centuries,NA,Georgia,NA,NA,"დიმიტრი გულია 12, თბილისი",NA,NA,NA,NA,NA,NA,https://tkt.ge/,https://tkt.ge/restaurants/237136,10:00 - 22:30,NA,NA
tkt.ge,sourcing_tkt.ge,ტაბლა სალონი | Tabla Saloon,NA,Georgia,NA,NA,"ილია ჭავჭავაძის 33,თბილისი",NA,NA,NA,NA,NA,NA,https://tkt.ge/,https://tkt.ge/restaurants/237137,11:30 - 23:00,NA,NA
tkt.ge,sourcing_tkt.ge,ნასიმი გრილი | Nasimi Grill,NA,Georgia,NA,NA,10 ირაკლი აბაშიძე,NA,NA,NA,NA,NA,NA,https://tkt.ge/,https://tkt.ge/restaurants/237138,12:00 - 00:00,NA,NA
tkt.ge,sourcing_tkt.ge,მისტერ ქუქ | Mr.Cook,NA,Georgia,NA,NA,5 ტარას შევჩენკო,NA,NA,NA,NA,NA,NA,https://tkt.ge/,https://tkt.ge/restaurants/237139,09:00 - 21:00,NA,NA
tkt.ge,sourcing_tkt.ge,ზოდიაქო | Zodiaqo,NA,Georgia,NA,NA,"გია ჭანტურიას ქუჩა 6,თბილისი",NA,NA,NA,NA,NA,NA,https://tkt.ge/,https://tkt.ge/restaurants/237140,11:00 - 00:00,NA,NA
tkt.ge,sourcing_tkt.ge,პიცა დი რომა ისთ ფოინთი  | Pizza Di RomaEast point,NA,Georgia,NA,NA,2 ალექსანდრე თვალჭრელიძე,NA,NA,NA,NA,NA,NA,https://tkt.ge/,https://tkt.ge/restaurants/237142,10:00 - 12:00,NA,NA
tkt.ge,sourcing_tkt.ge,მაჭახელა | Machakhela,NA,Georgia,NA,NA,ქეთევან წამებულის გამზირი 2,NA,NA,NA,NA,NA,NA,https://tkt.ge/,https://tkt.ge/restaurants/237143,11:00 - 23:00,NA,NA
tkt.ge,sourcing_tkt.ge,კასაბლანკა | Casablanca,NA,Georgia,NA,NA,5 რკინის რიგის ქუჩა,NA,NA,NA,NA,NA,NA,https://tkt.ge/,https://tkt.ge/restaurants/237144,12:00 - 06:00,NA,NA
tkt.ge,sourcing_tkt.ge,რესტორანი ძველი სახლი | Restaurant Dzveli Sakhli,NA,Georgia,NA,NA,"3 მტკვრის მარჯვენა სანაპირო, თბილისი",NA,NA,NA,NA,NA,NA,https://tkt.ge/,https://tkt.ge/restaurants/237145,10:00 - 23:00,NA,NA
tkt.ge,sourcing_tkt.ge,პაბ რესტორანი არტი |  Pub-Restaurant Art,NA,Georgia,NA,NA,დიმიტრი გულია 1,NA,NA,NA,NA,NA,NA,https://tkt.ge/,https://tkt.ge/restaurants/237146,10:00 - 04:00,NA,NA
tkt.ge,sourcing_tkt.ge,ბეირუთ კაფე ლაუნჯ | Beirut Cafe Lounge,NA,Georgia,NA,NA,"ალექსანდრე ყაზბეგის გამზირი 2ა,თბილისი,",NA,NA,NA,NA,NA,NA,https://tkt.ge/,https://tkt.ge/restaurants/237147,11:30 - 23:30,NA,NA
tkt.ge,sourcing_tkt.ge,Pizzeria №1 | პიცერია №1,NA,Georgia,NA,NA,"16ა ილია ვეკუას ქ. ( გლდანი I და II მ/რ-ს შორის შორის), თბილისი",NA,NA,NA,NA,NA,NA,https://tkt.ge/,https://tkt.ge/restaurants/237148,11:00 - 01:00,NA,NA
tkt.ge,sourcing_tkt.ge,8000 მოსავალი აბაშიძე | 8000 Mosavali Abashidze,NA,Georgia,NA,NA,60 Abashidze Str. Tbilisi,NA,NA,NA,NA,NA,NA,https://tkt.ge/,https://tkt.ge/restaurants/237149,13:00 - 23:00,NA,NA
tkt.ge,sourcing_tkt.ge,ბისიენ ესპანია | Bcn hispania,NA,Georgia,NA,NA,"სამღებრო, თბილისი",NA,NA,NA,NA,NA,NA,https://tkt.ge/,https://tkt.ge/restaurants/237150,10:00 - 03:00,NA,NA
tkt.ge,sourcing_tkt.ge,ზილიკო | Zillico,NA,Georgia,NA,NA,"64 ვასილ ბარნოვი,თბილისი",NA,NA,NA,NA,NA,NA,https://tkt.ge/,https://tkt.ge/restaurants/237151,12:00 - 01:00,NA,NA
tkt.ge,sourcing_tkt.ge,შატო თბილისი | Chateau Tbilisi,NA,Georgia,NA,NA,"შალვა ნუცუბიძის 64ა, თბილისი",NA,NA,NA,NA,NA,NA,https://tkt.ge/,https://tkt.ge/restaurants/237152,11:00 - 22:30,NA,NA
tkt.ge,sourcing_tkt.ge,ვილა პელაგონი | Villa Pelagoni,NA,Georgia,NA,NA,ნატახტარის მეორე კილომეტრი,NA,NA,NA,NA,NA,NA,https://tkt.ge/,https://tkt.ge/restaurants/237153,11:00 - 23:00,NA,NA
tkt.ge,sourcing_tkt.ge,დომინოს პიცა | Domino's Pizza,NA,Georgia,NA,NA,76ბ ვაჟა ფშაველას გამზ. თბილისი,NA,NA,NA,NA,NA,NA,https://tkt.ge/,https://tkt.ge/restaurants/237154,10:30 - 00:30,NA,NA
tkt.ge,sourcing_tkt.ge,ლაღიძის წყალი | Lagidze waters,NA,Georgia,NA,NA,"მრგვალ ბაღთან, თბილისი",NA,NA,NA,NA,NA,NA,https://tkt.ge/,https://tkt.ge/restaurants/237155,10:00 - 22:00,NA,NA
tkt.ge,sourcing_tkt.ge,პიცა დი რომა სითი მოლი | Pizza Di Roma City mall,NA,Georgia,NA,NA,ვაჟა ფშაველა70,NA,NA,NA,NA,NA,NA,https://tkt.ge/,https://tkt.ge/restaurants/237156,14:00 - 00:00,NA,NA
tkt.ge,sourcing_tkt.ge,კაფე ფარდაგი | Cafe Fardagi,NA,Georgia,NA,NA,16 ივანე მაჩაბელის ქ. თბილისი,NA,NA,NA,NA,NA,NA,https://tkt.ge/,https://tkt.ge/restaurants/237157,12:00 - 23:00,NA,NA
tkt.ge,sourcing_tkt.ge,კლუბი 10/11 | Club 10/11,NA,Georgia,NA,NA,"6 გიორგი სააკაძის დაღმართი,თბილისი",NA,NA,NA,NA,NA,NA,https://tkt.ge/,https://tkt.ge/restaurants/237158,21:00 - 03:00,NA,NA
tkt.ge,sourcing_tkt.ge,პიცა რი რომა გლდანი | Pizza Di Roma City Mall Gldani,NA,Georgia,NA,NA,"გლდანი, სითი მოლი, ხიზაბავრის №1, თბილისი",NA,NA,NA,NA,NA,NA,https://tkt.ge/,https://tkt.ge/restaurants/237159,10:00 - 22:00,NA,NA
tkt.ge,sourcing_tkt.ge,ძინ ჩაო | Dzin Chao,NA,Georgia,NA,NA,"აღმაშენებლის 16,თბილისი",NA,NA,NA,NA,NA,NA,https://tkt.ge/,https://tkt.ge/restaurants/237160,11:00 - 23:00,NA,NA
tkt.ge,sourcing_tkt.ge,ხინკლის ფაბრიკა | Hinkali Factory,NA,Georgia,NA,NA,2 ფხოვის ქ. თბილისი,NA,NA,NA,NA,NA,NA,https://tkt.ge/,https://tkt.ge/restaurants/237161,12:00 - 23:30,NA,NA
tkt.ge,sourcing_tkt.ge,თეისთ ოფ ინდია | Taste of India,NA,Georgia,NA,NA,"23 სიმონ კანდელაკის, თბილისი",NA,NA,NA,NA,NA,NA,https://tkt.ge/,https://tkt.ge/restaurants/237162,11:00 - 23:00,NA,NA
tkt.ge,sourcing_tkt.ge,ვინომანია | Vinomania,NA,Georgia,NA,NA,"12 გიორგი ლეონიძე,თბილისი",NA,NA,NA,NA,NA,NA,https://tkt.ge/,https://tkt.ge/restaurants/237163,10:00 - 01:00,NA,NA
tkt.ge,sourcing_tkt.ge,ბარ-რესტორანი 27 | Bar-Restaurant 27,NA,Georgia,NA,NA,49 აღმაშენებლის გამზ. თბილისი,NA,NA,NA,NA,NA,NA,https://tkt.ge/,https://tkt.ge/restaurants/237164,12:00 - 02:00,NA,NA
tkt.ge,sourcing_tkt.ge,სახაჭაპურე №1 | Sakhachapure №1,NA,Georgia,NA,NA,"( გალერეია) 11 შოთა რუსთაველის გამზირი, თბილისი",NA,NA,NA,NA,NA,NA,https://tkt.ge/,https://tkt.ge/restaurants/237165,11:00 - 22:00,NA,NA
tkt.ge,sourcing_tkt.ge,კაფე აქცენტი | Cafe Accent,NA,Georgia,NA,NA,"5 ძმები ზდანევიჩების ქ, თბილისი",NA,NA,NA,NA,NA,NA,https://tkt.ge/,https://tkt.ge/restaurants/237166,10:00 - 01:00,NA,NA
tkt.ge,sourcing_tkt.ge,ბურგერ ბარი | Burger Bar,NA,Georgia,NA,NA,ფალიაშვილის 32ა,NA,NA,NA,NA,NA,NA,https://tkt.ge/,https://tkt.ge/restaurants/237167,11:00 - 00:00,NA,NA
tkt.ge,sourcing_tkt.ge,სიცილია | sicilia,NA,Georgia,NA,NA,"დავით აღმაშენებლის 38,თბილისი",NA,NA,NA,NA,NA,NA,https://tkt.ge/,https://tkt.ge/restaurants/237168,14:00 - 01:00,NA,NA
tkt.ge,sourcing_tkt.ge,მენსა | Mensa,NA,Georgia,NA,NA,"ილო მოსაშვილის ქ, 3",NA,NA,NA,NA,NA,NA,https://tkt.ge/,https://tkt.ge/restaurants/237169,12:00 - 22:00,NA,NA
tkt.ge,sourcing_tkt.ge,ბურგერ ბარი | Burger Bar,NA,Georgia,NA,NA,"ალექსანდრე ყაზბეგის 15,თბილისი,",NA,NA,NA,NA,NA,NA,https://tkt.ge/,https://tkt.ge/restaurants/237170,10:30 - 23:55,NA,NA
tkt.ge,sourcing_tkt.ge,9 მთა | 9  Mta,NA,Georgia,NA,NA,"10 გ.ტაბიძის ქუჩა, თავისუფლების მოედანი, თბილისი",NA,NA,NA,NA,NA,NA,https://tkt.ge/,https://tkt.ge/restaurants/237171,12:00 - 02:00,NA,NA
tkt.ge,sourcing_tkt.ge,ვილაჯიო ბათუმი  | Villagio Batumi,NA,Georgia,NA,NA,88 გორგილაძის ქ. თბილისი,NA,NA,NA,NA,NA,NA,https://tkt.ge/,https://tkt.ge/restaurants/237172,10:00 - 01:00,NA,NA
tkt.ge,sourcing_tkt.ge,ძინ ჩაო | Dzin Chao,NA,Georgia,NA,NA,64 კოსტავას გამზ. თბილისი,NA,NA,NA,NA,NA,NA,https://tkt.ge/,https://tkt.ge/restaurants/237173,11:00 - 23:00,NA,NA
tkt.ge,sourcing_tkt.ge,ღვინის ბიბლიოთეკა | Wine Library,NA,Georgia,NA,NA,"64 ირაკლი აბაშიძე,თბილისი",NA,NA,NA,NA,NA,NA,https://tkt.ge/,https://tkt.ge/restaurants/237174,11:00 - 23:00,NA,NA
tkt.ge,sourcing_tkt.ge,ხაშის სახლი - ფშავის ჩემპიონი | Khashi's House - Pshavi's Champion,NA,Georgia,NA,NA,130 ბერი გაბრიელ სალოსის გამზირი,NA,NA,NA,NA,NA,NA,https://tkt.ge/,https://tkt.ge/restaurants/237175,07:00 - 23:00,NA,NA
tkt.ge,sourcing_tkt.ge,ბაბილო|Riverside Babilo,NA,Georgia,NA,NA,"73 Akaki Beliashvili St, T'bilisi, Georgia",NA,NA,NA,NA,NA,NA,https://tkt.ge/,https://tkt.ge/restaurants/237176,11:00 - 00:00,NA,NA
tkt.ge,sourcing_tkt.ge,ფასანაური გრიბოედოვზე | Pasanauri on Griboedov,NA,Georgia,NA,NA,37 გრიბოედოვის ქ. თბილისი,NA,NA,NA,NA,NA,NA,https://tkt.ge/,https://tkt.ge/restaurants/237177,12:00 - 00:00,NA,NA
tkt.ge,sourcing_tkt.ge,რამე-ბარი | Rame Bar-Chverovichit,NA,Georgia,NA,NA,"47 დავით აღმაშენებელი,თბილისი",NA,NA,NA,NA,NA,NA,https://tkt.ge/,https://tkt.ge/restaurants/237178,11:00 - 04:00,NA,NA
tkt.ge,sourcing_tkt.ge,ორეგანო | Oregano,NA,Georgia,NA,NA,37 ირაკლი აბაშიძე,NA,NA,NA,NA,NA,NA,https://tkt.ge/,https://tkt.ge/restaurants/237179,11:00 - 23:00,NA,NA
tkt.ge,sourcing_tkt.ge,შემოიხედე გენაცვალე მარჯანიშვილზე | Shemoikhede Genatsvale Marjanishvili,NA,Georgia,NA,NA,5 კოტე მარჯანიშვილის ქ. თბილისი,NA,NA,NA,NA,NA,NA,https://tkt.ge/,https://tkt.ge/restaurants/237180,11:00 - 23:00,NA,NA
tkt.ge,sourcing_tkt.ge,რადიოკაფე | RadioCafe,NA,Georgia,NA,NA,29 ათონელის ქ. თბილისი,NA,NA,NA,NA,NA,NA,https://tkt.ge/,https://tkt.ge/restaurants/237181,10:00 - 00:00,NA,NA
tkt.ge,sourcing_tkt.ge,პრეგო | Prego,NA,Georgia,NA,NA,ბარნოვის 84 თბილისი,NA,NA,NA,NA,NA,NA,https://tkt.ge/,https://tkt.ge/restaurants/237182,11:00 - 23:00,NA,NA
tkt.ge,sourcing_tkt.ge,ბლექბულ პაბი | BlackBull Pub,NA,Georgia,NA,NA,"47 დავით აღმაშენებელი,თბილისი",NA,NA,NA,NA,NA,NA,https://tkt.ge/,https://tkt.ge/restaurants/237183,11:00 - 02:00,NA,NA
tkt.ge,sourcing_tkt.ge,სტეიკჰაუსი N1 | N1 Steakhouse,NA,Georgia,NA,NA,"ირაკლი აბაშიძის 35,თბილისი,",NA,NA,NA,NA,NA,NA,https://tkt.ge/,https://tkt.ge/restaurants/237184,11:30 - 23:30,NA,NA
tkt.ge,sourcing_tkt.ge,სენვი | Sainvie,NA,Georgia,NA,NA,ზაქარია ფალიაშვილის 15,NA,NA,NA,NA,NA,NA,https://tkt.ge/,https://tkt.ge/restaurants/237185,08:30 - 22:00,NA,NA
tkt.ge,sourcing_tkt.ge,შოკოლატერია არტიზანი | Chocolaterie Artisan,NA,Georgia,NA,NA,"ირაკლი აბაშიძის 10, თბილისი",NA,NA,NA,NA,NA,NA,https://tkt.ge/,https://tkt.ge/restaurants/237186,08:30 - 22:30,NA,NA
tkt.ge,sourcing_tkt.ge,პერვაკი | Pervak,NA,Georgia,NA,NA,4 ბესიკის ქუჩა,NA,NA,NA,NA,NA,NA,https://tkt.ge/,https://tkt.ge/restaurants/237187,10:30 - 22:30,NA,NA
tkt.ge,sourcing_tkt.ge,მაჭახელა | Machakhela,NA,Georgia,NA,NA,4 ვაჯა-ფშაველა,NA,NA,NA,NA,NA,NA,https://tkt.ge/,https://tkt.ge/restaurants/237188,14:00 - 00:00,NA,NA
tkt.ge,sourcing_tkt.ge,ალუბალი | Alubali,NA,Georgia,NA,NA,ეკალაძის ქუჩა 6,NA,NA,NA,NA,NA,NA,https://tkt.ge/,https://tkt.ge/restaurants/237189,12:00 - 00:00,NA,NA
tkt.ge,sourcing_tkt.ge,ბალკონი No 12 | BalconY No 12,NA,Georgia,NA,NA,"12 იოანე შავთელი,თბილისი",NA,NA,NA,NA,NA,NA,https://tkt.ge/,https://tkt.ge/restaurants/237190,17:00 - 23:30,NA,NA
tkt.ge,sourcing_tkt.ge,მაჭახელა | Machakhela,NA,Georgia,NA,NA,ფხოვის ქუჩა 2,NA,NA,NA,NA,NA,NA,https://tkt.ge/,https://tkt.ge/restaurants/237193,12:00 - 00:00,NA,NA
tkt.ge,sourcing_tkt.ge,მარანი | Marani Restaurant & Bar,NA,Georgia,NA,NA,11 I.Grishashvili Str. Tbilisi,NA,NA,NA,NA,NA,NA,https://tkt.ge/,https://tkt.ge/restaurants/237194,12:00 - 03:00,NA,NA
tkt.ge,sourcing_tkt.ge,კაფე ფლაუერსი | Flowers Cafe,NA,Georgia,NA,NA,1 დუტუ მეგრელის ქ. თბილისი,NA,NA,NA,NA,NA,NA,https://tkt.ge/,https://tkt.ge/restaurants/237195,12:00 - 01:00,NA,NA
tkt.ge,sourcing_tkt.ge,დენის მილქ ბარი | Denys' Milk bar,NA,Georgia,NA,NA,"აღმაშენებლის ქუჩა 28,ფოთი",NA,NA,NA,NA,NA,NA,https://tkt.ge/,https://tkt.ge/restaurants/237196,10:00 - 18:00,NA,NA
tkt.ge,sourcing_tkt.ge,ამრა  | Amra,NA,Georgia,NA,NA,"სანდრო ეულის ქუჩა 7, თბილისი,",NA,NA,NA,NA,NA,NA,https://tkt.ge/,https://tkt.ge/restaurants/237197,11:00 - 22:00,NA,NA
tkt.ge,sourcing_tkt.ge,რესტორანი მცხეთა | Restaurant Mtskheta,NA,Georgia,NA,NA,"მცხეთისკენ ადასახვევ გზაზე, პირველივე რესტორანი მარჯვნივ",NA,NA,NA,NA,NA,NA,https://tkt.ge/,https://tkt.ge/restaurants/237198,10:00 - 23:00,NA,NA
tkt.ge,sourcing_tkt.ge,ძველი არმაზი | Dzveli Armazi,NA,Georgia,NA,NA,7 თაყაიშვილის ქ. მცხეთა,NA,NA,NA,NA,NA,NA,https://tkt.ge/,https://tkt.ge/restaurants/237199,11:00 - 22:00,NA,NA
tkt.ge,sourcing_tkt.ge,რესტორანი ბაგინეთი | Bagineti Restaurant,NA,Georgia,NA,NA,19 აღმაშენებლის ქ. მცხეთა,NA,NA,NA,NA,NA,NA,https://tkt.ge/,https://tkt.ge/restaurants/237200,11:00 - 00:00,NA,NA
tkt.ge,sourcing_tkt.ge,ეისიდ ბარი N4 | Acid bar N4,NA,Georgia,NA,NA,9/1 ლეონიძე,NA,NA,NA,NA,NA,NA,https://tkt.ge/,https://tkt.ge/restaurants/237201,12:00 - 02:00,NA,NA
tkt.ge,sourcing_tkt.ge,ეისიდ ბარ | Acid bar,NA,Georgia,NA,NA,"3ა ალექსანდრე ყაზბეგი, თბილისი",NA,NA,NA,NA,NA,NA,https://tkt.ge/,https://tkt.ge/restaurants/237202,12:00 - 23:00,NA,NA
tkt.ge,sourcing_tkt.ge,კალა | Cafe Kala,NA,Georgia,NA,NA,"ერეკლე II -ს 8,თბილისი,",NA,NA,NA,NA,NA,NA,https://tkt.ge/,https://tkt.ge/restaurants/237203,10:00 - 02:00,NA,NA
tkt.ge,sourcing_tkt.ge,მუზეომ კაფე | Museum Cafe,NA,Georgia,NA,NA,10 ორბელიანის ქ. თბილსი,NA,NA,NA,NA,NA,NA,https://tkt.ge/,https://tkt.ge/restaurants/237204,10:30 - 21:30,NA,NA
tkt.ge,sourcing_tkt.ge,რესტორანი ქვევრი | Restaurant Qvevri,NA,Georgia,NA,NA,101 ბელიაშვილის ქ. თბილისი,NA,NA,NA,NA,NA,NA,https://tkt.ge/,https://tkt.ge/restaurants/237205,10:00 - 00:00,NA,NA
tkt.ge,sourcing_tkt.ge,ტიფანი ბარი და ტერასა | Tiffany Bar and Terrace Tbilisi,NA,Georgia,NA,NA,მარი ბროსეს ქუჩა,NA,NA,NA,NA,NA,NA,https://tkt.ge/,https://tkt.ge/restaurants/237206,12:00 - 01:00,NA,NA
tkt.ge,sourcing_tkt.ge,შატო მუხრანი | Chateau Mukhrani,NA,Georgia,NA,NA,მუხრანი,NA,NA,NA,NA,NA,NA,https://tkt.ge/,https://tkt.ge/restaurants/237214,13:00 - 21:00,NA,NA
tkt.ge,sourcing_tkt.ge,ბურგერ ინნ | Burger Inn,NA,Georgia,NA,NA,6 კოტე აფხაზის ქუჩა,NA,NA,NA,NA,NA,NA,https://tkt.ge/,https://tkt.ge/restaurants/237215,12:00 - 01:00,NA,NA
tkt.ge,sourcing_tkt.ge,ჩემო კარგო | Chemo kargo,NA,Georgia,NA,NA,51ომარ ხიზანიშვილი,NA,NA,NA,NA,NA,NA,https://tkt.ge/,https://tkt.ge/restaurants/237221,10:00 - 23:00,NA,NA
tkt.ge,sourcing_tkt.ge,შტელცეს სახლი | Stelzenhaus,NA,Georgia,NA,NA,ერეკლე II 10,NA,NA,NA,NA,NA,NA,https://tkt.ge/,https://tkt.ge/restaurants/237223,00:00 - 23:59,NA,NA
tkt.ge,sourcing_tkt.ge,მასპინძელო | Maspindzelo,NA,Georgia,NA,NA,7 ვახტანგ გორგასალის ქ. თბილისი,NA,NA,NA,NA,NA,NA,https://tkt.ge/,https://tkt.ge/restaurants/237224,00:00 - 23:59,NA,NA
tkt.ge,sourcing_tkt.ge,მაჭახელ | Machakhela,NA,Georgia,NA,NA,ომარ ხიზანიშვილი 31,NA,NA,NA,NA,NA,NA,https://tkt.ge/,https://tkt.ge/restaurants/237225,00:00 - 23:59,NA,NA
tkt.ge,sourcing_tkt.ge,მაჭახელა | Machakhela,NA,Georgia,NA,NA,ოვანის თუმანიანის ქუჩა 23,NA,NA,NA,NA,NA,NA,https://tkt.ge/,https://tkt.ge/restaurants/237226,00:00 - 23:59,NA,NA
tkt.ge,sourcing_tkt.ge,ლეჟაკ პრიმატორი პაბ-რესტორანი | Lezak Primator Pub-Restaurant,NA,Georgia,NA,NA,2 კანდელაკის ქ. თბილისი,NA,NA,NA,NA,NA,NA,https://tkt.ge/,https://tkt.ge/restaurants/237227,00:00 - 23:59,NA,NA
tkt.ge,sourcing_tkt.ge,ადრენალინი | Adrenaline,NA,Georgia,NA,NA,"ზვიად გამსახურდიას სახელობის მარჯვენა სანაპირო,თბილისი",NA,NA,NA,NA,NA,NA,https://tkt.ge/,https://tkt.ge/restaurants/237228,00:00 - 23:59,NA,NA
tkt.ge,sourcing_tkt.ge,ШО,NA,Georgia,NA,NA,"Mechnykova St, 18, Kyiv, 01021",NA,NA,NA,NA,NA,NA,https://tkt.ge/,https://tkt.ge/restaurants/237229,00:00 - 23:59,NA,NA
tkt.ge,sourcing_tkt.ge,წერემოკ | Teremok,NA,Georgia,NA,NA,"ალექსანდრე ყაზბეგის 9,თბილისი",NA,NA,NA,NA,NA,NA,https://tkt.ge/,https://tkt.ge/restaurants/237230,00:00 - 23:59,NA,NA
tkt.ge,sourcing_tkt.ge,ანკარა სთაილი | Ankara Style,NA,Georgia,NA,NA,"დავით აღმაშენებლის გამზირი, თბილისი",NA,NA,NA,NA,NA,NA,https://tkt.ge/,https://tkt.ge/restaurants/237231,00:00 - 23:59,NA,NA
tkt.ge,sourcing_tkt.ge,ოპერასთან | Near Opera,NA,Georgia,NA,NA,თაბუკაშვილის N29,NA,NA,NA,NA,NA,NA,https://tkt.ge/,https://tkt.ge/restaurants/237232,00:00 - 23:59,NA,NA
tkt.ge,sourcing_tkt.ge,რესპუბლიკა 24,NA,Georgia,NA,NA,"6 ვარდების რევოლუციის მოედანი, თბილისი",NA,NA,NA,NA,NA,NA,https://tkt.ge/,https://tkt.ge/restaurants/237233,00:00 - 23:59,NA,NA
tkt.ge,sourcing_tkt.ge,შადრევანი | Shadrevani,NA,Georgia,NA,NA,1 პეტრიაშვილის ქ. თბილისი,NA,NA,NA,NA,NA,NA,https://tkt.ge/,https://tkt.ge/restaurants/237234,18:00 - 02:00,NA,NA
tkt.ge,sourcing_tkt.ge,L.P.M ბარი | L.P.M Bar,NA,Georgia,NA,NA,24 პავლე ინგოროყვას ქ. თბილისი.,NA,NA,NA,NA,NA,NA,https://tkt.ge/,https://tkt.ge/restaurants/237235,17:00 - 01:00,NA,NA
tkt.ge,sourcing_tkt.ge,ყავის ლაბორატორია | Coffee Lab,NA,Georgia,NA,NA,"27 ყაზბეგის ქუჩა,თბილისი",NA,NA,NA,NA,NA,NA,https://tkt.ge/,https://tkt.ge/restaurants/237236,09:00 - 23:00,NA,NA
tkt.ge,sourcing_tkt.ge,პროექტი 39,NA,Georgia,NA,NA,N39 შალვა ცინცაძის I შეს. თბილისი,NA,NA,NA,NA,NA,NA,https://tkt.ge/,https://tkt.ge/restaurants/237237,13:00 - 23:00,NA,NA
tkt.ge,sourcing_tkt.ge,ბიარ თაიმი | Beer Time,NA,Georgia,NA,NA,12ბ ალექსანდრე ყაზბეგის გამზირი,NA,NA,NA,NA,NA,NA,https://tkt.ge/,https://tkt.ge/restaurants/237238,10:00 - 23:30,NA,NA
tkt.ge,sourcing_tkt.ge,სუში თაიმი | Suhi Time,NA,Georgia,NA,NA,12ბ ალექსანდრე ყაზბეგის გამზირი,NA,NA,NA,NA,NA,NA,https://tkt.ge/,https://tkt.ge/restaurants/237239,10:00 - 23:30,NA,NA
tkt.ge,sourcing_tkt.ge,იოტა გარდენი | IOTA GARDEN,NA,Georgia,NA,NA,10 მიხეილ ლერმონტოვი,NA,NA,NA,NA,NA,NA,https://tkt.ge/,https://tkt.ge/restaurants/237243,18:00 - 01:00,NA,NA
tkt.ge,sourcing_tkt.ge,რესპუბლიკა | Republic,NA,Georgia,NA,NA,"ვარდების მოედანი, თბილისი",NA,NA,NA,NA,NA,NA,https://tkt.ge/,https://tkt.ge/restaurants/237244,12:00 - 00:00,NA,NA
tkt.ge,sourcing_tkt.ge,ხინკლის სახლი ივერიონი | Khinkali house iveroni,NA,Georgia,NA,NA,"Rose Revolution Square, T'bilisi, Georgia",NA,NA,NA,NA,NA,NA,https://tkt.ge/,https://tkt.ge/restaurants/237245,00:00 - 23:59,NA,NA
tkt.ge,sourcing_tkt.ge,ვერიკო | Veriko,NA,Georgia,NA,NA,1 პეტრიაშვილის ქ. თბილისი,NA,NA,NA,NA,NA,NA,https://tkt.ge/,https://tkt.ge/restaurants/237246,12:00 - 00:00,NA,NA
tkt.ge,sourcing_tkt.ge,ჩემო კარგო | Chemo Kargo Restaurant,NA,Georgia,NA,NA,ცოტნე დადიანის 108,NA,NA,NA,NA,NA,NA,https://tkt.ge/,https://tkt.ge/restaurants/237263,09:30 - 00:00,NA,NA
tkt.ge,sourcing_tkt.ge,ჩელა ფუნიკულიორი | Chela Funicular,NA,Georgia,NA,NA,მთაწმინდის პლატო. თბილისი,NA,NA,NA,NA,NA,NA,https://tkt.ge/,https://tkt.ge/restaurants/237458,17:00 - 23:00,NA,NA
tkt.ge,sourcing_tkt.ge,ინტელიგენცია | Intelligentsia,NA,Georgia,NA,NA,"კუს ტბა, თბილისი",NA,NA,NA,NA,NA,NA,https://tkt.ge/,https://tkt.ge/restaurants/237459,09:30 - 02:00,NA,NA
tkt.ge,sourcing_tkt.ge,სტრადა მარჯანიშვილი| Strada Marjanishvili,NA,Georgia,NA,NA,კოტე მარჯანიშვილის 5,NA,NA,NA,NA,NA,NA,https://tkt.ge/,https://tkt.ge/restaurants/237461,11:00 - 00:00,NA,NA
tkt.ge,sourcing_tkt.ge,სტრადა|Strada Mosashvili,NA,Georgia,NA,NA,"ილო მოსაშვილის 11,თბილისი,საქართველო",NA,NA,NA,NA,NA,NA,https://tkt.ge/,https://tkt.ge/restaurants/237462,11:00 - 00:00,NA,NA
tkt.ge,sourcing_tkt.ge,კოფი ბინ ენდ თი ლიფ (კუს ტბა) | The Coffee Bean & Tea Leaf,NA,Georgia,NA,NA,"კუს ტბა, თბილისი",NA,NA,NA,NA,NA,NA,https://tkt.ge/,https://tkt.ge/restaurants/237463,08:00 - 00:00,NA,NA
tkt.ge,sourcing_tkt.ge,ჩვენი ლისი | Chveni Lisi,NA,Georgia,NA,NA,"ლისის ტბა, თბილისი",NA,NA,NA,NA,NA,NA,https://tkt.ge/,https://tkt.ge/restaurants/237465,18:00 - 02:00,NA,NA
tkt.ge,sourcing_tkt.ge,სორმონი | Sormoni,NA,Georgia,NA,NA,"57 ალექსანდრე ყაზბეგის ქუჩა, თბილისი",NA,NA,NA,NA,NA,NA,https://tkt.ge/,https://tkt.ge/restaurants/237467,11:00 - 01:30,NA,NA
tkt.ge,sourcing_tkt.ge,სტრადა სანდრო ეული | Strada Sandro Euli,NA,Georgia,NA,NA,სანდრო ეულის 7,NA,NA,NA,NA,NA,NA,https://tkt.ge/,https://tkt.ge/restaurants/237468,11:00 - 00:00,NA,NA
tkt.ge,sourcing_tkt.ge,ჭაშნაგირი საბურთალო,NA,Georgia,NA,NA,"30, Vazha Pshavela Ave, T'bilisi, Georgia",NA,NA,NA,NA,NA,NA,https://tkt.ge/,https://tkt.ge/restaurants/237539,10:00 - 02:00,NA,NA
tkt.ge,sourcing_tkt.ge,საზაფხულო ბლექ დოგ ბარი | Black Dog Bar Summertime,NA,Georgia,NA,NA,1 პეტრიაშვილის ქ. თბილისი,NA,NA,NA,NA,NA,NA,https://tkt.ge/,https://tkt.ge/restaurants/237552,16:00 - 02:00,NA,NA
tkt.ge,sourcing_tkt.ge,პინცერია | Pinzeria,NA,Georgia,NA,NA,პეტრიაშვილის 1,NA,NA,NA,NA,NA,NA,https://tkt.ge/,https://tkt.ge/restaurants/237557,12:00 - 01:00,NA,NA
tkt.ge,sourcing_tkt.ge,გასტრო კაფე & ბარი პინპონი | Gastro cafe & bar PinPon,NA,Georgia,NA,NA,13 Lado Asatiani Str. Tbilisi,NA,NA,NA,NA,NA,NA,https://tkt.ge/,https://tkt.ge/restaurants/237558,10:00 - 00:00,NA,NA
tkt.ge,sourcing_tkt.ge,კომპლექსი ემოცია | Complex Emocia,NA,Georgia,NA,NA,ნატახტარი 3308,NA,NA,NA,NA,NA,NA,https://tkt.ge/,https://tkt.ge/restaurants/237666,08:00 - 00:00,NA,NA
tkt.ge,sourcing_tkt.ge,ღვინის ბარი ზერო | Zero Wine Bar,NA,Georgia,NA,NA,10 ქიაჩელის ქ. თბილისი,NA,NA,NA,NA,NA,NA,https://tkt.ge/,https://tkt.ge/restaurants/237698,16:00 - 00:00,NA,NA
tkt.ge,sourcing_tkt.ge,დრანქ ოულ ბარი | Drunk Owl Bar,NA,Georgia,NA,NA,21 სამღებროს ქ. თბილისი,NA,NA,NA,NA,NA,NA,https://tkt.ge/,https://tkt.ge/restaurants/237699,19:00 - 02:00,NA,NA
tkt.ge,sourcing_tkt.ge,ფასანაური | Pasanauri,NA,Georgia,NA,NA,"1 Vakhtang Gorgasali St, T'bilisi, Georgia",NA,NA,NA,NA,NA,NA,https://tkt.ge/,https://tkt.ge/restaurants/237700,11:00 - 00:00,NA,NA
tkt.ge,sourcing_tkt.ge,შუმის ღვინის ბარი | Shumi wine bar,NA,Georgia,NA,NA,შარდენის 9ა,NA,NA,NA,NA,NA,NA,https://tkt.ge/,https://tkt.ge/restaurants/237701,11:00 - 00:00,NA,NA
tkt.ge,sourcing_tkt.ge,ფასანაური ბარათაშვილზე | Pasanauri at Baratashvili,NA,Georgia,NA,NA,17 ნ.ბარათაშვილის ქ. თბილისი,NA,NA,NA,NA,NA,NA,https://tkt.ge/,https://tkt.ge/restaurants/237702,11:00 - 00:00,NA,NA
tkt.ge,sourcing_tkt.ge,ფოუთინი | Poutine,NA,Georgia,NA,NA,N8 მარიჯანის ქ. თბილისი,NA,NA,NA,NA,NA,NA,https://tkt.ge/,https://tkt.ge/restaurants/237703,11:00 - 20:00,NA,NA
tkt.ge,sourcing_tkt.ge,რესტორანი ადრე | Restaurant Adre,NA,Georgia,NA,NA,27 კოტე აფხაზის ქ. თბილისი,NA,NA,NA,NA,NA,NA,https://tkt.ge/,https://tkt.ge/restaurants/237720,10:00 - 00:00,NA,NA
tkt.ge,sourcing_tkt.ge,მირაი აზიური რესტორანი | Mirai Asian Restaurant,NA,Georgia,NA,NA,1/6 ლეონიძე-მაჩაბელის ქ. თბილისი,NA,NA,NA,NA,NA,NA,https://tkt.ge/,https://tkt.ge/restaurants/237752,12:00 - 02:00,NA,NA
tkt.ge,sourcing_tkt.ge,რესტორანი შინ | Restaurant Shin,NA,Georgia,NA,NA,4 იერუსალიმის ქ. ძველი თბილისი. თბილისი,NA,NA,NA,NA,NA,NA,https://tkt.ge/,https://tkt.ge/restaurants/237753,12:00 - 00:00,NA,NA
tkt.ge,sourcing_tkt.ge,საბაი ტაილანდური რესტორანი | Sabai Thai Restaurant,NA,Georgia,NA,NA,1 მცხეთის ქ. თბილისი,NA,NA,NA,NA,NA,NA,https://tkt.ge/,https://tkt.ge/restaurants/237754,00:00 - 23:59,NA,NA
tkt.ge,sourcing_tkt.ge,ჩინგსი,NA,Georgia,NA,NA,ერეკლე ტატიშვილის 16,NA,NA,NA,NA,NA,NA,https://tkt.ge/,https://tkt.ge/restaurants/237755,12:00 - 04:00,NA,NA
tkt.ge,sourcing_tkt.ge,ტერასა პანორამა,NA,Georgia,NA,NA,"შერვაშიძის აღმართი 28, ბათუმი",NA,NA,NA,NA,NA,NA,https://tkt.ge/,https://tkt.ge/restaurants/236004,10:00 - 01:00,NA,NA
tkt.ge,sourcing_tkt.ge,რესტორანი მედეა,NA,Georgia,NA,NA,"ეგნატე ნინოშვილის ქ. 1, ბათუმი",NA,NA,NA,NA,NA,NA,https://tkt.ge/,https://tkt.ge/restaurants/236016,11:00 - 23:00,NA,NA
tkt.ge,sourcing_tkt.ge,ელატე,NA,Georgia,NA,NA,"დ. აღმაშენებლის ქ. 78, ქობულეთი",NA,NA,NA,NA,NA,NA,https://tkt.ge/,https://tkt.ge/restaurants/236039,10:00 - 00:00,NA,NA
tkt.ge,sourcing_tkt.ge,რესტორანი და ბარი ქლაუდს,NA,Georgia,NA,NA,"ეგნატე ნინოშვილის ქ. 1, ბათუმი",NA,NA,NA,NA,NA,NA,https://tkt.ge/,https://tkt.ge/restaurants/236205,12:00 - 23:45,NA,NA
tkt.ge,sourcing_tkt.ge,"რესტორანი ""ბანგურიანი""",NA,Georgia,NA,NA,"მარგიანის ქ. 10, მესტია",NA,NA,NA,NA,NA,NA,https://tkt.ge/,https://tkt.ge/restaurants/236378,08:30 - 00:00,NA,NA
tkt.ge,sourcing_tkt.ge,HB ბათუმი | HB Batumi,NA,Georgia,NA,NA,8 ქუთაისის ქ. ბათუმი,NA,NA,NA,NA,NA,NA,https://tkt.ge/,https://tkt.ge/restaurants/236390,10:00 - 23:30,NA,NA
tkt.ge,sourcing_tkt.ge,ხინკლის სახლი ქალაქური | Khinkli House Kalakuri,NA,Georgia,NA,NA,108 პუშკინის ქ. ბათუმი,NA,NA,NA,NA,NA,NA,https://tkt.ge/,https://tkt.ge/restaurants/236392,11:00 - 23:30,NA,NA
tkt.ge,sourcing_tkt.ge,გრანდ გრილ არდაგანი ტერასა | Grand Grill Ardagani Terrasa,NA,Georgia,NA,NA,"ხიმშიაშვილის ქ. არდაგანის ტბა, ბათუმი",NA,NA,NA,NA,NA,NA,https://tkt.ge/,https://tkt.ge/restaurants/236397,10:00 - 01:00,NA,NA
tkt.ge,sourcing_tkt.ge,ფანფანი | FanFan,NA,Georgia,NA,NA,27 ნინოშვილის ქ. ბათუმი,NA,NA,NA,NA,NA,NA,https://tkt.ge/,https://tkt.ge/restaurants/236400,11:00 - 01:00,NA,NA
tkt.ge,sourcing_tkt.ge,ჭაჭის დრო ბათუმი | Chacha Time Batumi,NA,Georgia,NA,NA,5 მაზნიაშვილის ქ. ბათუმი,NA,NA,NA,NA,NA,NA,https://tkt.ge/,https://tkt.ge/restaurants/236402,14:00 - 02:00,NA,NA
tkt.ge,sourcing_tkt.ge,უოლი რესტორანი | UOLLI Restraurant,NA,Georgia,NA,NA,43 მამედ აბაშიძის ქ. ბათუმი,NA,NA,NA,NA,NA,NA,https://tkt.ge/,https://tkt.ge/restaurants/236404,09:00 - 02:00,NA,NA
tkt.ge,sourcing_tkt.ge,როიალ ბათუმი | Royal Batumi,NA,Georgia,NA,NA,36 ჭავჭავაძის ქ. ბათუმი,NA,NA,NA,NA,NA,NA,https://tkt.ge/,https://tkt.ge/restaurants/236405,10:00 - 00:00,NA,NA
tkt.ge,sourcing_tkt.ge,ჩეხური ლუდის სახლი ბათუმში | Czech Beer House Batumi,NA,Georgia,NA,NA,7 ზ.გამსახურდიას ქ. ბათუმი,NA,NA,NA,NA,NA,NA,https://tkt.ge/,https://tkt.ge/restaurants/236406,09:00 - 23:30,NA,NA
tkt.ge,sourcing_tkt.ge,გამარჯობა ბათუმი | Gamarjoba Batumi,NA,Georgia,NA,NA,16 გამსახურდიას ქ. ბათუმი,NA,NA,NA,NA,NA,NA,https://tkt.ge/,https://tkt.ge/restaurants/236408,10:00 - 02:00,NA,NA
tkt.ge,sourcing_tkt.ge,მასპინძელი ბათუმი,NA,Georgia,NA,NA,35 აჰმედ მელაშვილის ქ. ბათუმი,NA,NA,NA,NA,NA,NA,https://tkt.ge/,https://tkt.ge/restaurants/236409,10:00 - 00:00,NA,NA
tkt.ge,sourcing_tkt.ge,როიალ ტივი | Royal Tivi,NA,Georgia,NA,NA,მდ. აჭარისწყალი. ბათუმი,NA,NA,NA,NA,NA,NA,https://tkt.ge/,https://tkt.ge/restaurants/237100,09:00 - 03:00,NA,NA
tkt.ge,sourcing_tkt.ge,კუნძული რესტორანი | Kundzuli Restaurant,NA,Georgia,NA,NA,"თხილნარი, ბათუმი",NA,NA,NA,NA,NA,NA,https://tkt.ge/,https://tkt.ge/restaurants/237141,11:00 - 02:00,NA,NA
tkt.ge,sourcing_tkt.ge,რადიო ქიჩენ & ბარი | RADIO Kitchen & Bar,NA,Georgia,NA,NA,11 რუსთაველის გამზ. ბათუმი,NA,NA,NA,NA,NA,NA,https://tkt.ge/,https://tkt.ge/restaurants/237191,10:00 - 22:00,NA,NA
tkt.ge,sourcing_tkt.ge,კრეატორია პაბი | Creatoria Pub,NA,Georgia,NA,NA,22 ჟიული შარტავას ქ. ბათუმი,NA,NA,NA,NA,NA,NA,https://tkt.ge/,https://tkt.ge/restaurants/237192,10:00 - 01:00,NA,NA
tkt.ge,sourcing_tkt.ge,როუთ 66 | Route 66,NA,Georgia,NA,NA,42 ბაქოს ქ. ბათუმი,NA,NA,NA,NA,NA,NA,https://tkt.ge/,https://tkt.ge/restaurants/237222,09:30 - 23:45,NA,NA
tkt.ge,sourcing_tkt.ge,მაჭახელა ბათუმი | Machakhela Batumi,NA,Georgia,NA,NA,გოგებაშვილის ქუჩა. ობელისკის მიმდებარე. ბათუმი,NA,NA,NA,NA,NA,NA,https://tkt.ge/,https://tkt.ge/restaurants/237264,00:00 - 23:59,NA,NA
tkt.ge,sourcing_tkt.ge,კაფე გარდენსი | Cafe Gardens,NA,Georgia,NA,NA,წმ. ბარბარეს პარკი. ბათუმი,NA,NA,NA,NA,NA,NA,https://tkt.ge/,https://tkt.ge/restaurants/237265,10:00 - 00:00,NA,NA
tkt.ge,sourcing_tkt.ge,ლურჯი სუფრა | Lurji Sufra,NA,Georgia,NA,NA,33 აჰმედ მელაშვილის ქ. ბათუმი,NA,NA,NA,NA,NA,NA,https://tkt.ge/,https://tkt.ge/restaurants/237270,10:00 - 01:00,NA,NA
tkt.ge,sourcing_tkt.ge,კაფე ლაფუნა | Cafe Laguna,NA,Georgia,NA,NA,18 ზურაბ გორგილაძის ქ. ბათუმი,NA,NA,NA,NA,NA,NA,https://tkt.ge/,https://tkt.ge/restaurants/237271,09:00 - 22:00,NA,NA
tkt.ge,sourcing_tkt.ge,მერის პაბი | Mary's Pub,NA,Georgia,NA,NA,11 ზვიად გამსახურდიას ქ. ბათუმი,NA,NA,NA,NA,NA,NA,https://tkt.ge/,https://tkt.ge/restaurants/237272,14:00 - 02:00,NA,NA
tkt.ge,sourcing_tkt.ge,რესტორანი ძველი ბულვარი | Old Boulevard Restaurant,NA,Georgia,NA,NA,23 ნინოშვილის ქ. ბათუმი,NA,NA,NA,NA,NA,NA,https://tkt.ge/,https://tkt.ge/restaurants/237273,12:00 - 23:00,NA,NA
tkt.ge,sourcing_tkt.ge,ლაითჰაუსი კარაოკე კლუბი | Lighthouse Karaoke Club,NA,Georgia,NA,NA,3 გოგებაშვილის ქ. ბათუმი,NA,NA,NA,NA,NA,NA,https://tkt.ge/,https://tkt.ge/restaurants/237289,08:30 - 03:00,NA,NA
tkt.ge,sourcing_tkt.ge,ბურგერ ჰაბი | Burger Hub,NA,Georgia,NA,NA,N28 26 მაისის ქ. ბათუმი,NA,NA,NA,NA,NA,NA,https://tkt.ge/,https://tkt.ge/restaurants/237316,12:00 - 02:00,NA,NA
tkt.ge,sourcing_tkt.ge,მართინი კვარიათში | Martini at Kvariati,NA,Georgia,NA,NA,115 ანდრია პირველწოდებულის ქ. კვარიათი,NA,NA,NA,NA,NA,NA,https://tkt.ge/,https://tkt.ge/restaurants/237460,12:00 - 01:30,NA,NA
tkt.ge,sourcing_tkt.ge,პორტო ფრანკო | Porto Franco,NA,Georgia,NA,NA,40 კ.გამსახურდიას ქ. ბათუმი,NA,NA,NA,NA,NA,NA,https://tkt.ge/,https://tkt.ge/restaurants/237464,09:00 - 23:00,NA,NA
tkt.ge,sourcing_tkt.ge,პრივეტ იზ ბათუმა | Privet iz Batuma,NA,Georgia,NA,NA,39 მემედ აბაშიძის ქ. ბათუმი,NA,NA,NA,NA,NA,NA,https://tkt.ge/,https://tkt.ge/restaurants/237466,10:00 - 01:00,NA,NA
tkt.ge,sourcing_tkt.ge,რესტორანი ზაქარა | Restaurant Zaqara,NA,Georgia,NA,NA,57 პუშკინის ქ. ბათუმი,NA,NA,NA,NA,NA,NA,https://tkt.ge/,https://tkt.ge/restaurants/237529,07:00 - 00:00,NA,NA
