Piacere,https://www.rappi.com.ar/rosario/restaurantes/piacere
Valquiria,https://www.rappi.com.ar/rosario/restaurantes/valquiria
Terminal Once,https://www.rappi.com.ar/rosario/restaurantes/terminal-once
McDonald's,https://www.rappi.com.ar/rosario/restaurantes/mcdonalds
Viejo Balcón,https://www.rappi.com.ar/rosario/restaurantes/viejo-balcon
Johns American Burger,https://www.rappi.com.ar/rosario/restaurantes/johns-american-burger
Subway,https://www.rappi.com.ar/rosario/restaurantes/subway
Tiendas Naturales,https://www.rappi.com.ar/rosario/restaurantes/tiendas-naturales
Burger King,https://www.rappi.com.ar/rosario/restaurantes/burger-king
La Terminal,https://www.rappi.com.ar/rosario/restaurantes/la-terminal
Buho Beer Market,https://www.rappi.com.ar/rosario/restaurantes/buho-beer-market
Pepino & Co,https://www.rappi.com.ar/rosario/restaurantes/pepino-co
El Popular Pichincha,https://www.rappi.com.ar/rosario/restaurantes/el-popular-pichincha
Mostaza,https://www.rappi.com.ar/rosario/restaurantes/mostaza
El Noble,https://www.rappi.com.ar/rosario/restaurantes/el-noble
El Club de la Milanesa,https://www.rappi.com.ar/rosario/restaurantes/el-club-de-la-milanesa
Green Eat,https://www.rappi.com.ar/rosario/restaurantes/green-eat
Sándwich del Club,https://www.rappi.com.ar/rosario/restaurantes/sandwich-del-club
Ronnie Burger,https://www.rappi.com.ar/rosario/restaurantes/ronnie-burger
Gianduia,https://www.rappi.com.ar/rosario/restaurantes/gianduia
Crepas,https://www.rappi.com.ar/rosario/restaurantes/crepas
Orik Food & Beer,https://www.rappi.com.ar/rosario/restaurantes/orik-food-&-beer
Fly Morfi,https://www.rappi.com.ar/rosario/restaurantes/fly-morfi
Kiosco de Empanadas,https://www.rappi.com.ar/rosario/restaurantes/kiosco-de-empanadas
Medialunas Calentitas,https://www.rappi.com.ar/rosario/restaurantes/medialunas-calentitas
Gianni Cocino,https://www.rappi.com.ar/rosario/restaurantes/gianni-cocino
Rey de la Milanesa,https://www.rappi.com.ar/rosario/restaurantes/rey-de-la-milanesa
Rotisería Centro,https://www.rappi.com.ar/rosario/restaurantes/rotiseria-centro
Pizza Online,https://www.rappi.com.ar/rosario/restaurantes/pizza-online
Al Habibi,https://www.rappi.com.ar/rosario/restaurantes/al-habibi
Bien de Campo,https://www.rappi.com.ar/rosario/restaurantes/bien-de-campo
Valentina Tartas & Sándwiches,https://www.rappi.com.ar/rosario/restaurantes/valentina-tartas-sandwiches
Esther Helados,https://www.rappi.com.ar/rosario/restaurantes/esther-helados
Bar Imperiales,https://www.rappi.com.ar/rosario/restaurantes/bar-imperiales
El Gran Chopp,https://www.rappi.com.ar/rosario/restaurantes/el-gran-chopp
Riomio,https://www.rappi.com.ar/rosario/restaurantes/riomio
The House,https://www.rappi.com.ar/rosario/restaurantes/the-house
Grido,https://www.rappi.com.ar/rosario/restaurantes/grido
Distinción Plaza Pringles,https://www.rappi.com.ar/rosario/restaurantes/distincion-plaza-pringles
Río Helados,https://www.rappi.com.ar/rosario/restaurantes/rio-helados
La Siciliana,https://www.rappi.com.ar/rosario/restaurantes/la-siciliana
Sándwiches Monreal,https://www.rappi.com.ar/rosario/restaurantes/sandwiches-monreal
Morita,https://www.rappi.com.ar/rosario/restaurantes/morita
Pizzería Juana de Arco,https://www.rappi.com.ar/rosario/restaurantes/pizzeria-juana-de-arco
Smart,https://www.rappi.com.ar/rosario/restaurantes/smart
Bajo Cero,https://www.rappi.com.ar/rosario/restaurantes/bajo-cero
All Fresh,https://www.rappi.com.ar/rosario/restaurantes/all-fresh
Pizzeria Arturo's,https://www.rappi.com.ar/rosario/restaurantes/pizzeria-arturos
Mr Wok,https://www.rappi.com.ar/rosario/restaurantes/mr-wok
Marbet Helados Gourmet,https://www.rappi.com.ar/rosario/restaurantes/marbet-helados-gourmet
El Pizzaneson,https://www.rappi.com.ar/rosario/restaurantes/el-pizzaneson
Justino Gastronomía sin Gluten,https://www.rappi.com.ar/rosario/restaurantes/justino-gastronomia-sin-gluten
Mat y Luk,https://www.rappi.com.ar/rosario/restaurantes/mat-y-luk
Sanduba,https://www.rappi.com.ar/rosario/restaurantes/sanduba
Sable París,https://www.rappi.com.ar/rosario/restaurantes/sable-paris
Green Bowls,https://www.rappi.com.ar/rosario/restaurantes/green-bowls
Nuria,https://www.rappi.com.ar/rosario/restaurantes/nuria
Green Chef,https://www.rappi.com.ar/rosario/restaurantes/green-chef
La Gran Vía,https://www.rappi.com.ar/rosario/restaurantes/la-gran-via
Veggie Burgers,https://www.rappi.com.ar/rosario/restaurantes/veggie-burgers
Sablé París,https://www.rappi.com.ar/rosario/restaurantes/sable-paris
Américo Helados,https://www.rappi.com.ar/rosario/restaurantes/americo-helados-jujuy
DoppioZero,https://www.rappi.com.ar/rosario/restaurantes/doppiozero
El Patio,https://www.rappi.com.ar/rosario/restaurantes/el-patio
Bendita Costilla,https://www.rappi.com.ar/rosario/restaurantes/bendita-costilla
Chickens King,https://www.rappi.com.ar/rosario/restaurantes/chickens-king
Café & Comida Iruña,https://www.rappi.com.ar/rosario/restaurantes/cafe-comida-iruna
Pizza Piazza,https://www.rappi.com.ar/rosario/restaurantes/pizza-piazza
Monk's,https://www.rappi.com.ar/rosario/restaurantes/monks
Club de Pizzas,https://www.rappi.com.ar/rosario/restaurantes/club-de-pizzas
Pizzone,https://www.rappi.com.ar/rosario/restaurantes/pizzone
Capitán Helados,https://www.rappi.com.ar/rosario/restaurantes/capitan-helado-brown
Freeshop Puerto Norte,https://www.rappi.com.ar/rosario/restaurantes/freeshop-puerto-norte
Veggie Roll,https://www.rappi.com.ar/rosario/restaurantes/veggie-roll
Helga,https://www.rappi.com.ar/rosario/restaurantes/helga
Holy Mila,https://www.rappi.com.ar/rosario/restaurantes/holy-mila
Verde que te Quiero Verde,https://www.rappi.com.ar/rosario/restaurantes/verde-que-te-quiero-verde
Monsieur Bleu Resto Bar,https://www.rappi.com.ar/rosario/restaurantes/monsieur-bleu-resto-bar
Don Pancho,https://www.rappi.com.ar/rosario/restaurantes/don-pancho
La Maltería,https://www.rappi.com.ar/rosario/restaurantes/la-malteria
La Tagliatta,https://www.rappi.com.ar/rosario/restaurantes/la-tagliatta
Tento Helados,https://www.rappi.com.ar/rosario/restaurantes/tento-helados
Brooklyn Crafters' Garden,https://www.rappi.com.ar/rosario/restaurantes/brooklyn-crafters-garden
It's Alive,https://www.rappi.com.ar/rosario/restaurantes/its-alive
Asian Woks,https://www.rappi.com.ar/rosario/restaurantes/asian-woks
Mundo Crepa,https://www.rappi.com.ar/rosario/restaurantes/mundo-crepa
El Rey del Asado,https://www.rappi.com.ar/rosario/restaurantes/el-rey-del-asado
Comedor Balcarce,https://www.rappi.com.ar/rosario/restaurantes/comedor-balcarce
Parrilla La Estancia,https://www.rappi.com.ar/rosario/restaurantes/parrilla-la-estancia
Sushimanía,https://www.rappi.com.ar/rosario/restaurantes/sushimania
Rosario Pizzas,https://www.rappi.com.ar/rosario/restaurantes/rosario-pizzas
Camellia Bar Boutique,https://www.rappi.com.ar/rosario/restaurantes/camellia-bar-boutique
Olaf,https://www.rappi.com.ar/rosario/restaurantes/olaf
Asgardian,https://www.rappi.com.ar/rosario/restaurantes/asgardian
Planeta Pizza,https://www.rappi.com.ar/rosario/restaurantes/planeta-pizza
Vía Apia,https://www.rappi.com.ar/rosario/restaurantes/via-apia
Umai Helados,https://www.rappi.com.ar/rosario/restaurantes/umai-helados
Taquería Don Ramón,https://www.rappi.com.ar/rosario/restaurantes/taqueria-don-ramon
Las Rosarinas,https://www.rappi.com.ar/rosario/restaurantes/las-rosarinas
Renato Gelatería,https://www.rappi.com.ar/rosario/restaurantes/renato-gelateria
Panadería Bon Blé,https://www.rappi.com.ar/rosario/restaurantes/panaderia-bon-ble
Crunchys,https://www.rappi.com.ar/rosario/restaurantes/crunchys
Beer Bross,https://www.rappi.com.ar/rosario/restaurantes/beer-bross
Chepizza,https://www.rappi.com.ar/rosario/restaurantes/chepizza
Olson,https://www.rappi.com.ar/rosario/restaurantes/olson
Zahlen,https://www.rappi.com.ar/rosario/restaurantes/zahlen
Japon in Box,https://www.rappi.com.ar/rosario/restaurantes/japon-in-box
Forêt,https://www.rappi.com.ar/rosario/restaurantes/foret
Abasto,https://www.rappi.com.ar/rosario/restaurantes/abasto
Chili Tacos,https://www.rappi.com.ar/rosario/restaurantes/chili-tacos
El Born,https://www.rappi.com.ar/rosario/restaurantes/el-born
El Sol,https://www.rappi.com.ar/rosario/restaurantes/el-sol
The Box,https://www.rappi.com.ar/rosario/restaurantes/the-box
Deliveritalia Pizzas,https://www.rappi.com.ar/rosario/restaurantes/deliveritalia-pizzas
Deliveritalia Sushi,https://www.rappi.com.ar/rosario/restaurantes/deliveritalia-sushi
CAPONE Pizzas & Empanadas,https://www.rappi.com.ar/rosario/restaurantes/capone-pizzas-empanadas
Sabor Gourmet,https://www.rappi.com.ar/rosario/restaurantes/sabor-gourmet
Pitsa,https://www.rappi.com.ar/rosario/restaurantes/pitsa
Itamae Sushi,https://www.rappi.com.ar/rosario/restaurantes/itamae-sushi
372 Cervecería Artesanal,https://www.rappi.com.ar/rosario/restaurantes/372-cerveceria-artesanal
Chérto Gelato,https://www.rappi.com.ar/rosario/restaurantes/cherto-gelato
Le Sushi Burger,https://www.rappi.com.ar/rosario/restaurantes/le-sushi-burger
Nitro Pichincha,https://www.rappi.com.ar/rosario/restaurantes/nitro-pichincha
Baltimore,https://www.rappi.com.ar/rosario/restaurantes/baltimore
Rollin',https://www.rappi.com.ar/rosario/restaurantes/rollin
Sushi Premium,https://www.rappi.com.ar/rosario/restaurantes/sushi-premium
Refugio Patagonia,https://www.rappi.com.ar/rosario/restaurantes/refugio-patagonia
Rato,https://www.rappi.com.ar/rosario/restaurantes/rato
Bunker,https://www.rappi.com.ar/rosario/restaurantes/bunker
Materia Prima,https://www.rappi.com.ar/rosario/restaurantes/materia-prima
Hank´s Pochoclos,https://www.rappi.com.ar/rosario/restaurantes/hanks-pochoclos
Piel de Toro,https://www.rappi.com.ar/rosario/restaurantes/piel-de-toro
Ipa House,https://www.rappi.com.ar/rosario/restaurantes/ipa-house
Parrilla Cuba Libre,https://www.rappi.com.ar/rosario/restaurantes/parrilla-cuba-libre
Pizza & Roll's,https://www.rappi.com.ar/rosario/restaurantes/pizza-&-rolls
La Nonna,https://www.rappi.com.ar/rosario/restaurantes/la-nonna
Caseritas,https://www.rappi.com.ar/rosario/restaurantes/caseritas
Niccola,https://www.rappi.com.ar/rosario/restaurantes/niccola
Anker Beer Garden,https://www.rappi.com.ar/rosario/restaurantes/anker-beer-garden
Locos x La Milanesa,https://www.rappi.com.ar/rosario/restaurantes/locos-x-la-milanesa
El León Bodegón,https://www.rappi.com.ar/rosario/restaurantes/el-leon-bodegon
Basquiat Street Pub,https://www.rappi.com.ar/rosario/restaurantes/basquiat
Martínez,https://www.rappi.com.ar/rosario/restaurantes/martinez
La Gran Argentina,https://www.rappi.com.ar/rosario/restaurantes/la-gran-argentina
Frais Helados,https://www.rappi.com.ar/rosario/restaurantes/frais-helados
Arturo,https://www.rappi.com.ar/rosario/restaurantes/arturo
Ali Sushi,https://www.rappi.com.ar/rosario/restaurantes/ali-sushi
Fenicia Brewpub,https://www.rappi.com.ar/rosario/restaurantes/fenicia-brewpub
Hell's Truck,https://www.rappi.com.ar/rosario/restaurantes/hells-truck
Bar de Chelas,https://www.rappi.com.ar/rosario/restaurantes/bar-de-chelas
Empanadas Argentinas,https://www.rappi.com.ar/rosario/restaurantes/empanadas-argentinas
Pizzeria de las Tortugas Ninja,https://www.rappi.com.ar/rosario/restaurantes/pizzeria-de-las-tortugas-ninja
Sushi Oasis,https://www.rappi.com.ar/rosario/restaurantes/sushi-oasis
Bros Pizza y Empanadas,https://www.rappi.com.ar/rosario/restaurantes/beer-bros
Bros Sándwiches Gourmet,https://www.rappi.com.ar/rosario/restaurantes/bros-sandwiches-gourmet
La Cocina de Setha,https://www.rappi.com.ar/rosario/restaurantes/la-cocina-de-setha
Tamago Sushi,https://www.rappi.com.ar/rosario/restaurantes/tamago-sushi
Resto Bar Viejo Munich,https://www.rappi.com.ar/rosario/restaurantes/resto-bar-viejo-munich
Chicharra Asador a Las Brasas,https://www.rappi.com.ar/rosario/restaurantes/chicharra-asador-las-brasas
Rita Pizza Tradizionale,https://www.rappi.com.ar/rosario/restaurantes/rita
