Shiitake Sushi and Wok,https://www.rappi.com.ar/la-plata/restaurantes/shiitake-sushi-and-wok
McDonald's,https://www.rappi.com.ar/la-plata/restaurantes/mcdonalds
Charola Cocina & Bazar,https://www.rappi.com.ar/la-plata/restaurantes/charola-cocina-bazar
Subway,https://www.rappi.com.ar/la-plata/restaurantes/subway
KFC,https://www.rappi.com.ar/la-plata/restaurantes/kfc
Eat Fit,https://www.rappi.com.ar/la-plata/restaurantes/eat-fit
Crêperie,https://www.rappi.com.ar/la-plata/restaurantes/creperie
Dean & Dennys,https://www.rappi.com.ar/la-plata/restaurantes/dean-dennys
Veggie Kingdom,https://www.rappi.com.ar/la-plata/restaurantes/veggie-kingdom
El Noble,https://www.rappi.com.ar/la-plata/restaurantes/el-noble
Burger King,https://www.rappi.com.ar/la-plata/restaurantes/burger-king
Donatella,https://www.rappi.com.ar/la-plata/restaurantes/donatella
El Club de la Milanesa,https://www.rappi.com.ar/la-plata/restaurantes/el-club-de-la-milanesa
SushiPop,https://www.rappi.com.ar/la-plata/restaurantes/sushipop
Sanguchán,https://www.rappi.com.ar/la-plata/restaurantes/sanguchan
SushiPop.,https://www.rappi.com.ar/la-plata/restaurantes/sushipop
Los Milaneses,https://www.rappi.com.ar/la-plata/restaurantes/los-milaneses
Sándwich del Club,https://www.rappi.com.ar/la-plata/restaurantes/sandwich-del-club
Heisenburger,https://www.rappi.com.ar/la-plata/restaurantes/heisenburger
Ahora Empanadas,https://www.rappi.com.ar/la-plata/restaurantes/ahora-empanadas
Pizzali,https://www.rappi.com.ar/la-plata/restaurantes/pizzali
Parador Atalaya,https://www.rappi.com.ar/la-plata/restaurantes/parador-atalaya
Doritas Food,https://www.rappi.com.ar/la-plata/restaurantes/doritas-food
Il Nuovo Mezzogiorno,https://www.rappi.com.ar/la-plata/restaurantes/il-nuovo-mezzogiorno
Vainilla Caramelo,https://www.rappi.com.ar/la-plata/restaurantes/vainilla-caramelo
La Nueva Tablita,https://www.rappi.com.ar/la-plata/restaurantes/la-nueva-tablita
Pepe Rosso,https://www.rappi.com.ar/la-plata/restaurantes/pepe-rosso
Distrito Pizza,https://www.rappi.com.ar/la-plata/restaurantes/distrito-pizza
Pizza Piero,https://www.rappi.com.ar/la-plata/restaurantes/pizza-piero
Santa Milanesa,https://www.rappi.com.ar/la-plata/restaurantes/santa-milanesa
Frappé Helados,https://www.rappi.com.ar/la-plata/restaurantes/frappe-helados
Milk Helados,https://www.rappi.com.ar/la-plata/restaurantes/milk-helados
Misushi,https://www.rappi.com.ar/la-plata/restaurantes/misushi
"Cualli, Tacos Gourmet",https://www.rappi.com.ar/la-plata/restaurantes/cualli-tacos-gourmet
Sociedad Argentina,https://www.rappi.com.ar/la-plata/restaurantes/sociedad-argentina
Monkey Beer,https://www.rappi.com.ar/la-plata/restaurantes/monkey-beer
Dak Helados,https://www.rappi.com.ar/la-plata/restaurantes/dak-helados
Calle Ginebra,https://www.rappi.com.ar/la-plata/restaurantes/calle-ginebra
La Ratonera,https://www.rappi.com.ar/la-plata/restaurantes/la-ratonera
The Bump,https://www.rappi.com.ar/la-plata/restaurantes/the-bump
