Cocinerxs Cordobecxs,https://www.rappi.com.ar/cordoba/restaurantes/cocinerxs-cordobecxs
Cocineros con Onda,https://www.rappi.com.ar/cordoba/restaurantes/cocineros-con-onda
La Zete,https://www.rappi.com.ar/cordoba/restaurantes/la-zete
La Perla,https://www.rappi.com.ar/cordoba/restaurantes/la-perla
Lomitos El Bosque,https://www.rappi.com.ar/cordoba/restaurantes/lomitos-el-bosque
Pollo Club,https://www.rappi.com.ar/cordoba/restaurantes/pollo-club
Mariachi,https://www.rappi.com.ar/cordoba/restaurantes/mariachi
Chia Good Food,https://www.rappi.com.ar/cordoba/restaurantes/chia-good-food
Metro x Metro,https://www.rappi.com.ar/cordoba/restaurantes/metro-x-metro
Sandday,https://www.rappi.com.ar/cordoba/restaurantes/sandday
Dalla Grazia Pastas Artesanales,https://www.rappi.com.ar/cordoba/restaurantes/dalla-grazia-pastas-artesanales
McDonald's,https://www.rappi.com.ar/cordoba/restaurantes/mcdonalds
El Club de la Milanesa,https://www.rappi.com.ar/cordoba/restaurantes/el-club-de-la-milanesa
El Noble,https://www.rappi.com.ar/cordoba/restaurantes/el-noble
Burger King,https://www.rappi.com.ar/cordoba/restaurantes/burger-king
Lo de Jacinto,https://www.rappi.com.ar/cordoba/restaurantes/lo-de-jacinto
100 x 100 Lomo,https://www.rappi.com.ar/cordoba/restaurantes/100-x-100-lomo
Black Pan,https://www.rappi.com.ar/cordoba/restaurantes/black-pan
Lomito Cordobés,https://www.rappi.com.ar/cordoba/restaurantes/lomito-cordobes
Augusto Pastas Caseras,https://www.rappi.com.ar/cordoba/restaurantes/augusto-pastas-caseras
Homero,https://www.rappi.com.ar/cordoba/restaurantes/homero
Amerita,https://www.rappi.com.ar/cordoba/restaurantes/amerita
Barú,https://www.rappi.com.ar/cordoba/restaurantes/baru
Cremolatti,https://www.rappi.com.ar/cordoba/restaurantes/cremolatti
Burgerbeer,https://www.rappi.com.ar/cordoba/restaurantes/burgerbeer
Monaguillo Parrilla,https://www.rappi.com.ar/cordoba/restaurantes/monaguillo-parrilla
El Hornito Santiagueño,https://www.rappi.com.ar/cordoba/restaurantes/el-hornito-santiagueno
Bien de Campo,https://www.rappi.com.ar/cordoba/restaurantes/bien-de-campo
Bariloche,https://www.rappi.com.ar/cordoba/restaurantes/bariloche
Buda Town,https://www.rappi.com.ar/cordoba/restaurantes/buda-town
Señora Tarta,https://www.rappi.com.ar/cordoba/restaurantes/senora-tarta
Pizza Madre,https://www.rappi.com.ar/cordoba/restaurantes/pizza-madre
Picnic,https://www.rappi.com.ar/cordoba/restaurantes/picnic
Empanadas J,https://www.rappi.com.ar/cordoba/restaurantes/empanadas-j
La Celeste,https://www.rappi.com.ar/cordoba/restaurantes/la-celeste
Viejo Lobo,https://www.rappi.com.ar/cordoba/restaurantes/viejo-lobo
Manqui's Sándwich,https://www.rappi.com.ar/cordoba/restaurantes/manquis-sandwich
Pizza Zeta,https://www.rappi.com.ar/cordoba/restaurantes/pizza-zeta
Santacalma,https://www.rappi.com.ar/cordoba/restaurantes/santacalma
Habibi,https://www.rappi.com.ar/cordoba/restaurantes/habibi
Nona Salta,https://www.rappi.com.ar/cordoba/restaurantes/nona-salta
General Fresh and Light,https://www.rappi.com.ar/cordoba/restaurantes/general-fresh-and-light
Innato,https://www.rappi.com.ar/cordoba/restaurantes/innato
El Hornito Santiagueño,https://www.rappi.com.ar/cordoba/restaurantes/el-hornito-santiagueno
Cepa Salteña,https://www.rappi.com.ar/cordoba/restaurantes/cepa-saltena
Lomitos 348,https://www.rappi.com.ar/cordoba/restaurantes/lomitos-348
La Nueva Terminal,https://www.rappi.com.ar/cordoba/restaurantes/la-nueva-terminal
Medialunas Calentitas,https://www.rappi.com.ar/cordoba/restaurantes/medialunas-calentitas
Panadería Europea,https://www.rappi.com.ar/cordoba/restaurantes/panaderia-europea
Parma Sándwiches de Miga,https://www.rappi.com.ar/cordoba/restaurantes/parma-sandwiches-de-miga
DiPâle,https://www.rappi.com.ar/cordoba/restaurantes/dipale
La Empanaderia,https://www.rappi.com.ar/cordoba/restaurantes/la-empanaderia
Hotel,https://www.rappi.com.ar/cordoba/restaurantes/hotel
Pizza Alla Pala,https://www.rappi.com.ar/cordoba/restaurantes/pizza-alla-pala
Pizzería Desy,https://www.rappi.com.ar/cordoba/restaurantes/pizzeria-desy
Andrea Franceschini,https://www.rappi.com.ar/cordoba/restaurantes/andrea-franceschini
Panther Bar,https://www.rappi.com.ar/cordoba/restaurantes/panther-bar
Shasho,https://www.rappi.com.ar/cordoba/restaurantes/shasho
Escaleno,https://www.rappi.com.ar/cordoba/restaurantes/escaleno
Heladería Gatelin,https://www.rappi.com.ar/cordoba/restaurantes/heladeria-gatelin
Waffles One Love,https://www.rappi.com.ar/cordoba/restaurantes/waffles-one-love
Cientovolando,https://www.rappi.com.ar/cordoba/restaurantes/cientovolando
Don Lomo,https://www.rappi.com.ar/cordoba/restaurantes/don-lomo
Lennon Bar,https://www.rappi.com.ar/cordoba/restaurantes/lennon-bar
#CCO,https://www.rappi.com.ar/cordoba/restaurantes/cco
La Meca Casa de Empanadas,https://www.rappi.com.ar/cordoba/restaurantes/la-meca-casa-de-empanadas
Caseratto,https://www.rappi.com.ar/cordoba/restaurantes/caseratto
Mostachys,https://www.rappi.com.ar/cordoba/restaurantes/mostachys
Buen Lunes Gourmet,https://www.rappi.com.ar/cordoba/restaurantes/buen-lunes-gourmet
D Errico,https://www.rappi.com.ar/cordoba/restaurantes/d-errico
Bullanga Milanga,https://www.rappi.com.ar/cordoba/restaurantes/bullanga-milanga
Citty Todo Casero,https://www.rappi.com.ar/cordoba/restaurantes/citty-todo-casero
Cuidate Querete,https://www.rappi.com.ar/cordoba/restaurantes/cuidate-querete
Ser Natural,https://www.rappi.com.ar/cordoba/restaurantes/ser-natural
Pizzería Popular,https://www.rappi.com.ar/cordoba/restaurantes/pizzeria-popular
VeraSens Helados,https://www.rappi.com.ar/cordoba/restaurantes/verasens-helados
Comidas Criollas,https://www.rappi.com.ar/cordoba/restaurantes/comidas-criollas
Estación Central,https://www.rappi.com.ar/cordoba/restaurantes/estacion-central
Panadería La Josefa,https://www.rappi.com.ar/cordoba/restaurantes/panaderia-la-josefa
Freddo,https://www.rappi.com.ar/cordoba/restaurantes/freddo
Be Fruit,https://www.rappi.com.ar/cordoba/restaurantes/be-fruit
Go Vegan,https://www.rappi.com.ar/cordoba/restaurantes/go-vegan
Sabores del Perú,https://www.rappi.com.ar/cordoba/restaurantes/sabores-del-peru
Las Noches de Bagdad,https://www.rappi.com.ar/cordoba/restaurantes/las-noches-de-bagdad
Brezza Fresco y Natural,https://www.rappi.com.ar/cordoba/restaurantes/brezza-fresco-y-natural
La Verdad de la Milanesa,https://www.rappi.com.ar/cordoba/restaurantes/la-verdad-de-la-milanesa
Rotisería La Pequeña,https://www.rappi.com.ar/cordoba/restaurantes/rotiseria-la-pequena
Heladería Glup's,https://www.rappi.com.ar/cordoba/restaurantes/heladeria-glups
Sándwich del Club,https://www.rappi.com.ar/cordoba/restaurantes/sandwich-del-club
Pizza Gula,https://www.rappi.com.ar/cordoba/restaurantes/pizza-gula
Mostaza,https://www.rappi.com.ar/cordoba/restaurantes/mostaza
Holy Mila,https://www.rappi.com.ar/cordoba/restaurantes/holy-mila
Hoppiness,https://www.rappi.com.ar/cordoba/restaurantes/hoppiness
Coma,https://www.rappi.com.ar/cordoba/restaurantes/coma
Grido,https://www.rappi.com.ar/cordoba/restaurantes/grido
Di Solito Pizzería,https://www.rappi.com.ar/cordoba/restaurantes/di-solito-pizzeria
Patio de Los Naranjos,https://www.rappi.com.ar/cordoba/restaurantes/patio-de-los-naranjos
Pizza Pizuela,https://www.rappi.com.ar/cordoba/restaurantes/pizza-pizuela
Siete Onzas,https://www.rappi.com.ar/cordoba/restaurantes/siete-onzas
Pazionees,https://www.rappi.com.ar/cordoba/restaurantes/pazionees
Milanga Show by Novecento,https://www.rappi.com.ar/cordoba/restaurantes/milanga-show-by-novecento
El Hornito Santiagüeño,https://www.rappi.com.ar/cordoba/restaurantes/el-hornito-santiagueno
La Vieja Esquina,https://www.rappi.com.ar/cordoba/restaurantes/la-vieja-esquina
Urbano Pizzas & Lomos,https://www.rappi.com.ar/cordoba/restaurantes/urbano-pizzas-lomos
Tremendonas,https://www.rappi.com.ar/cordoba/restaurantes/tremendonas
Brunches,https://www.rappi.com.ar/cordoba/restaurantes/brunches
Bogotá Arepas Company,https://www.rappi.com.ar/cordoba/restaurantes/bogota-arepas-company
Kaori Asian Cuisine and Sushi Bar,https://www.rappi.com.ar/cordoba/restaurantes/kaori-asian-cuisine-and-sushi-bar
D'Lucas Gourmet,https://www.rappi.com.ar/cordoba/restaurantes/dlucas-gourmet
Quedate Pancho,https://www.rappi.com.ar/cordoba/restaurantes/quedate-pancho
Wöllen,https://www.rappi.com.ar/cordoba/restaurantes/wollen
Tupan Jamón,https://www.rappi.com.ar/cordoba/restaurantes/tupan-jamon
Emir Bin,https://www.rappi.com.ar/cordoba/restaurantes/emir-bin
Break Sándwich,https://www.rappi.com.ar/cordoba/restaurantes/break-sandwich
Pronto Pizza,https://www.rappi.com.ar/cordoba/restaurantes/pronto-pizza
Valdés Restó,https://www.rappi.com.ar/cordoba/restaurantes/valdes-resto
Antonio Cocina de Campo,https://www.rappi.com.ar/cordoba/restaurantes/antonio-cocina-de-campo
Chingón,https://www.rappi.com.ar/cordoba/restaurantes/chingon
Estación 37,https://www.rappi.com.ar/cordoba/restaurantes/estacion-37
Las 9 Empanadas by Novecento,https://www.rappi.com.ar/cordoba/restaurantes/las-9-empanadas-by-novecento
Bäckerhaus,https://www.rappi.com.ar/cordoba/restaurantes/backerhaus
Chori 24,https://www.rappi.com.ar/cordoba/restaurantes/chori-24
Bar Chabacano,https://www.rappi.com.ar/cordoba/restaurantes/bar-chabacano
La Fábrica de Empanadas Artesanales,https://www.rappi.com.ar/cordoba/restaurantes/la-fabrica-de-empanadas-artesanales
Donatella,https://www.rappi.com.ar/cordoba/restaurantes/donatella
Junior B,https://www.rappi.com.ar/cordoba/restaurantes/junior-b
Plan Beef Lomitos,https://www.rappi.com.ar/cordoba/restaurantes/plan-beef-lomitos-nueva-cordoba
La Crëme,https://www.rappi.com.ar/cordoba/restaurantes/la-creme
The Journey,https://www.rappi.com.ar/cordoba/restaurantes/the-journey
Lapana,https://www.rappi.com.ar/cordoba/restaurantes/lapana
Dame 2,https://www.rappi.com.ar/cordoba/restaurantes/dame-2
Indiana Grill y Pasta,https://www.rappi.com.ar/cordoba/restaurantes/indiana-grill-y-pasta
Tucson Steakhouse & Ribs,https://www.rappi.com.ar/cordoba/restaurantes/tucson-steakhouse-ribs
Johnny B Good,https://www.rappi.com.ar/cordoba/restaurantes/johnny-b-good
The Barbeer,https://www.rappi.com.ar/cordoba/restaurantes/the-barbeer
Sumo Burger,https://www.rappi.com.ar/cordoba/restaurantes/sumo-burger
Rancho Viejo,https://www.rappi.com.ar/cordoba/restaurantes/rancho-viejo
Postres McDonald's,https://www.rappi.com.ar/cordoba/restaurantes/postres-mcdonalds
Carro Carlitos,https://www.rappi.com.ar/cordoba/restaurantes/carro-carlitos
Pizzas Ad,https://www.rappi.com.ar/cordoba/restaurantes/pizzas-ad
La Nueva Candela,https://www.rappi.com.ar/cordoba/restaurantes/la-nueva-candela
Fran & Co,https://www.rappi.com.ar/cordoba/restaurantes/fran-co
La Pony,https://www.rappi.com.ar/cordoba/restaurantes/la-pony
Guacamole,https://www.rappi.com.ar/cordoba/restaurantes/guacamole
Chicago Express,https://www.rappi.com.ar/cordoba/restaurantes/chicago-express
General Bar and Beer,https://www.rappi.com.ar/cordoba/restaurantes/general-bar-and-beer
Taipá,https://www.rappi.com.ar/cordoba/restaurantes/taipa
Roma,https://www.rappi.com.ar/cordoba/restaurantes/roma
Panino,https://www.rappi.com.ar/cordoba/restaurantes/panino
Una Panadería,https://www.rappi.com.ar/cordoba/restaurantes/una-panaderia
Sunday Burgers,https://www.rappi.com.ar/cordoba/restaurantes/sunday-burgers
Venezia,https://www.rappi.com.ar/cordoba/restaurantes/venezia
Novecento,https://www.rappi.com.ar/cordoba/restaurantes/novecento
Señor Chef,https://www.rappi.com.ar/cordoba/restaurantes/senor-chef
Piedra Papel Tijera,https://www.rappi.com.ar/cordoba/restaurantes/piedra-papel-tijera
American Donuts,https://www.rappi.com.ar/cordoba/restaurantes/american-donuts
Panchedar,https://www.rappi.com.ar/cordoba/restaurantes/panchedar
Medialunas 707,https://www.rappi.com.ar/cordoba/restaurantes/medialunas-707
Lunfardo Milanesas,https://www.rappi.com.ar/cordoba/restaurantes/lunfardo-milanesas
Panadero,https://www.rappi.com.ar/cordoba/restaurantes/panadero
Del Campillo Fiambres & Vinos,https://www.rappi.com.ar/cordoba/restaurantes/del-campillo-fiambres-vinos
Al Molde Pizza al Corte,https://www.rappi.com.ar/cordoba/restaurantes/al-molde-pizza-al-corte
La Carola,https://www.rappi.com.ar/cordoba/restaurantes/la-carola
Tramezzo Sandwiches,https://www.rappi.com.ar/cordoba/restaurantes/tramezzo-sandwiches
Buen Augurio Panes,https://www.rappi.com.ar/cordoba/restaurantes/buen-augurio-panes
A Pleno Bar,https://www.rappi.com.ar/cordoba/restaurantes/a-pleno-bar
SushiClub,https://www.rappi.com.ar/cordoba/restaurantes/sushiclub
Sushi World,https://www.rappi.com.ar/cordoba/restaurantes/sushi-world
Taku Sushi Bar,https://www.rappi.com.ar/cordoba/restaurantes/taku-sushi-bar
Por Azar Crew,https://www.rappi.com.ar/cordoba/restaurantes/por-azar-crew
Blas House Beer,https://www.rappi.com.ar/cordoba/restaurantes/blas-house-beer
Frich Hamburguesería,https://www.rappi.com.ar/cordoba/restaurantes/frich-hamburgueseria
Cuernavaca Burgers,https://www.rappi.com.ar/cordoba/restaurantes/cuernavaca-burger
Yoi Sushi & Food,https://www.rappi.com.ar/cordoba/restaurantes/yoi-sushi-food
Glotón - Bar de Carnes,https://www.rappi.com.ar/cordoba/restaurantes/gloton-bar-de-carnes
Papanato,https://www.rappi.com.ar/cordoba/restaurantes/papanato
SushiSoul,https://www.rappi.com.ar/cordoba/restaurantes/sushisoul
Hello Bangkok,https://www.rappi.com.ar/cordoba/restaurantes/hello-bangkok
Pölser,https://www.rappi.com.ar/cordoba/restaurantes/polser
Pizza Italia,https://www.rappi.com.ar/cordoba/restaurantes/pizza-italia
Takumi,https://www.rappi.com.ar/cordoba/restaurantes/takumi
Sushi X Metro,https://www.rappi.com.ar/cordoba/restaurantes/sushi-x-metro
Franceschini,https://www.rappi.com.ar/cordoba/restaurantes/franceschini
Lombur & Co,https://www.rappi.com.ar/cordoba/restaurantes/lombur-co
Jalisco Tacos y Lomos,https://www.rappi.com.ar/cordoba/restaurantes/jalisco-tacos-y-lomos
Peñón del Águila,https://www.rappi.com.ar/cordoba/restaurantes/penon-del-aguila
Che Frida,https://www.rappi.com.ar/cordoba/restaurantes/che-frida
Cuatro Catorce,https://www.rappi.com.ar/cordoba/restaurantes/cuatro-catorce
Craftsman,https://www.rappi.com.ar/cordoba/restaurantes/craftsman
Cochera Birrería de Barrio,https://www.rappi.com.ar/cordoba/restaurantes/cochera-birreria-de-barrio
La Mia Fabrica de Pizza,https://www.rappi.com.ar/cordoba/restaurantes/la-mia-fabrica-de-pizza
Höppers Cervecería,https://www.rappi.com.ar/cordoba/restaurantes/hoppers-cerveceria
Beer Blood Bar,https://www.rappi.com.ar/cordoba/restaurantes/beer-blood-bar
Sándwich 2GO,https://www.rappi.com.ar/cordoba/restaurantes/sandwich-2go
God Bless my Burger,https://www.rappi.com.ar/cordoba/restaurantes/god-bless-my-burger
Panca,https://www.rappi.com.ar/cordoba/restaurantes/panca
Chicago American Bar,https://www.rappi.com.ar/cordoba/restaurantes/chicago-american-bar
PintoBurguer,https://www.rappi.com.ar/cordoba/restaurantes/pintoburguer
Apolo Resto Bar,https://www.rappi.com.ar/cordoba/restaurantes/apolo-resto-bar
Snake Sushi,https://www.rappi.com.ar/cordoba/restaurantes/snake-sushi
Sabor Latino,https://www.rappi.com.ar/cordoba/restaurantes/sabor-latino
El Pollo Burgués,https://www.rappi.com.ar/cordoba/restaurantes/el-pollo-burgues
Ávila Bar,https://www.rappi.com.ar/cordoba/restaurantes/avila-bar
La Nota de Ramón,https://www.rappi.com.ar/cordoba/restaurantes/la-nota-de-ramon
Armatti,https://www.rappi.com.ar/cordoba/restaurantes/armatti
Pan Plano,https://www.rappi.com.ar/cordoba/restaurantes/pan-plano
OchurroBar,https://www.rappi.com.ar/cordoba/restaurantes/ochurrobar
Posta! Birra Artesanal & Comida Callejera,https://www.rappi.com.ar/cordoba/restaurantes/posta-birra-artesanal-comida-callejera
DOMS,https://www.rappi.com.ar/cordoba/restaurantes/doms
Barrio Brujo,https://www.rappi.com.ar/cordoba/restaurantes/barrio-brujo
Tokin Sushi,https://www.rappi.com.ar/cordoba/restaurantes/tokin-sushi
Billy Beer,https://www.rappi.com.ar/cordoba/restaurantes/billy-beer
Dadá Mini,https://www.rappi.com.ar/cordoba/restaurantes/dada-mini
Capitán,https://www.rappi.com.ar/cordoba/restaurantes/capitan
Saint Andrews,https://www.rappi.com.ar/cordoba/restaurantes/saint-andrews
Media Pinta,https://www.rappi.com.ar/cordoba/restaurantes/media-pinta
Pibi,https://www.rappi.com.ar/cordoba/restaurantes/pibi
Mr Churro,https://www.rappi.com.ar/cordoba/restaurantes/mr-churro
Dominga Postres,https://www.rappi.com.ar/cordoba/restaurantes/dominga-postres
Lokolomo,https://www.rappi.com.ar/cordoba/restaurantes/lokolomo
Mix and Mash,https://www.rappi.com.ar/cordoba/restaurantes/mix-and-mash
Lomo FC,https://www.rappi.com.ar/cordoba/restaurantes/lomo-fc
La Nueva Esquina Burger,https://www.rappi.com.ar/cordoba/restaurantes/la-nueva-esquina-burger
Piñón Cocina,https://www.rappi.com.ar/cordoba/restaurantes/pinon-cocina
Boss Burger,https://www.rappi.com.ar/cordoba/restaurantes/boss-burger
Molly Burgers,https://www.rappi.com.ar/cordoba/restaurantes/molly-burger
Tentempié,https://www.rappi.com.ar/cordoba/restaurantes/tentempie
Manea,https://www.rappi.com.ar/cordoba/restaurantes/manea
Tu Sandwichería Manea,https://www.rappi.com.ar/cordoba/restaurantes/tu-sandwicheria-manea
Bullguey,https://www.rappi.com.ar/cordoba/restaurantes/bullguey
Sr Pitza,https://www.rappi.com.ar/cordoba/restaurantes/sr-pitza
El Cacique,https://www.rappi.com.ar/cordoba/restaurantes/el-cacique
pasta fusion gourmet,https://www.rappi.com.ar/cordoba/restaurantes/pasta-fusion-gourmet
Punto 33,https://www.rappi.com.ar/cordoba/restaurantes/punto-33
La Carlina Burgers & Lomos,https://www.rappi.com.ar/cordoba/restaurantes/la-carlina-burgers-y-lomos
La Carlina Pizzas,https://www.rappi.com.ar/cordoba/restaurantes/la-carlina-pizzas
Tres Calaveras,https://www.rappi.com.ar/cordoba/restaurantes/tres-calaveras
Burger & Algo Más,https://www.rappi.com.ar/cordoba/restaurantes/burger-&-algo-mas
Polidori Pastas Rellenas,https://www.rappi.com.ar/cordoba/restaurantes/polidori-pastas-rellenas
American Burgers & More,https://www.rappi.com.ar/cordoba/restaurantes/american-burgers-and-more
