La Pizzada,https://www.rappi.com.ar/san-miguel-de-tucuman/restaurantes/la-pizzada
McDonald's,https://www.rappi.com.ar/san-miguel-de-tucuman/restaurantes/mcdonalds
Mostaza,https://www.rappi.com.ar/san-miguel-de-tucuman/restaurantes/mostaza
El Club de la Milanesa,https://www.rappi.com.ar/san-miguel-de-tucuman/restaurantes/el-club-de-la-milanesa
Burger King,https://www.rappi.com.ar/san-miguel-de-tucuman/restaurantes/burger-king
Resto La Sirio Libanesa,https://www.rappi.com.ar/san-miguel-de-tucuman/restaurantes/resto-la-sirio-libanesa
Freddo,https://www.rappi.com.ar/san-miguel-de-tucuman/restaurantes/freddo
La Tranquera Empanadas,https://www.rappi.com.ar/san-miguel-de-tucuman/restaurantes/la-tranquera-empanadas
La Quebradita,https://www.rappi.com.ar/san-miguel-de-tucuman/restaurantes/la-quebradita
El Repulgue y Cassaro,https://www.rappi.com.ar/san-miguel-de-tucuman/restaurantes/el-repulgue-y-cassaro
El Galpón de Tacuara,https://www.rappi.com.ar/san-miguel-de-tucuman/restaurantes/el-galpon-de-tacuara
A Mi Nooo,https://www.rappi.com.ar/san-miguel-de-tucuman/restaurantes/a-mi-nooo
Sándwich del Club,https://www.rappi.com.ar/san-miguel-de-tucuman/restaurantes/sandwich-del-club
Don Pepe El Original,https://www.rappi.com.ar/san-miguel-de-tucuman/restaurantes/don-pepe-el-original
Sushifeel,https://www.rappi.com.ar/san-miguel-de-tucuman/restaurantes/sushifeel
CasaPan,https://www.rappi.com.ar/san-miguel-de-tucuman/restaurantes/casapan
Grido,https://www.rappi.com.ar/san-miguel-de-tucuman/restaurantes/grido
El Mesón Zona Norte,https://www.rappi.com.ar/san-miguel-de-tucuman/restaurantes/el-meson-zona-norte
Holy Mila,https://www.rappi.com.ar/san-miguel-de-tucuman/restaurantes/holy-mila
Mirasoles,https://www.rappi.com.ar/san-miguel-de-tucuman/restaurantes/mirasoles
La Leñita,https://www.rappi.com.ar/san-miguel-de-tucuman/restaurantes/la-lenita
Tartus Comida Arabe,https://www.rappi.com.ar/san-miguel-de-tucuman/restaurantes/tartus-todo-arabe
Lo de Hugo,https://www.rappi.com.ar/san-miguel-de-tucuman/restaurantes/lo-de-hugo
Veladero Bar,https://www.rappi.com.ar/san-miguel-de-tucuman/restaurantes/veladero-bar-delivery
La Rondeau Delivery,https://www.rappi.com.ar/san-miguel-de-tucuman/restaurantes/la-rondeau-delivery
Demitasse,https://www.rappi.com.ar/san-miguel-de-tucuman/restaurantes/demitasse
Chicken & Co,https://www.rappi.com.ar/san-miguel-de-tucuman/restaurantes/chicken-&-co
Byron's Burger's,https://www.rappi.com.ar/san-miguel-de-tucuman/restaurantes/byrons-burgers
La Burgue Loca,https://www.rappi.com.ar/san-miguel-de-tucuman/restaurantes/la-burgue-loca
Los Eternos,https://www.rappi.com.ar/san-miguel-de-tucuman/restaurantes/los-eternos
Billy Bob Burgers,https://www.rappi.com.ar/san-miguel-de-tucuman/restaurantes/billy-bob-burgers
Bangwok Delivery,https://www.rappi.com.ar/san-miguel-de-tucuman/restaurantes/bangwok-delivery
LOL,https://www.rappi.com.ar/san-miguel-de-tucuman/restaurantes/lol
Castilla,https://www.rappi.com.ar/san-miguel-de-tucuman/restaurantes/castilla
Sandwichería Jorge,https://www.rappi.com.ar/san-miguel-de-tucuman/restaurantes/sandwicheria-jorge
Mr. Toma,https://www.rappi.com.ar/san-miguel-de-tucuman/restaurantes/mr-toma
Maridaje,https://www.rappi.com.ar/san-miguel-de-tucuman/restaurantes/maridaje
Monasterio Craft Beer,https://www.rappi.com.ar/san-miguel-de-tucuman/restaurantes/monasterio-craft-beer
Pali Cake House,https://www.rappi.com.ar/san-miguel-de-tucuman/restaurantes/pali-cake-house
Sin Tacc,https://www.rappi.com.ar/san-miguel-de-tucuman/restaurantes/sin-tacc
